target_slug,donor_slug,seq_identity,local_rmsd,n_clashes,chrom_hetatm_name,status
10b,gfp-s65t,0.9832,0.858,30,CRO,clashes
11,gfp-s65t,0.9874,1.371,38,CRO,clashes
5b,gfp-s65t,0.9958,0.317,73,CRO,clashes
6c,gfp-s65t,0.9958,0.306,66,CRO,clashes
a1a,zfp538,0.8052,1.221,48,CH7,clashes
aacucp,dsred-max,0.6881,0.535,60,NRQ,clashes
aacugfp1,kcy,0.4977,0.93,58,GYS,clashes
aacugfp2,dronpa-c62s,0.5225,0.929,62,GYS,clashes
aausfp1,phiyfp,0.6379,0.363,72,CRO,clashes
aausfp2,phiyfp,0.5,2.541,42,CRO,high_rmsd
aausfp3,cegfp,0.5493,2.785,7,CRO,high_rmsd
aausfp4,cegfp,0.5211,2.824,21,CRO,high_rmsd
aausgfp,gfp-s65t,0.8235,0.533,52,CRO,clashes
acanfp,dronpa-c62s,0.8563,1.238,48,GYS,clashes
acegfp-g222e-y220l,acegfp,0.9916,0.69,50,GYS,clashes
acegfp-h,acegfp,1.0,0.58,55,GYS,clashes
acgfp1,acegfp,0.9958,0.366,57,GYS,clashes
achilles,cegfp,0.931,2.498,16,CRO,high_rmsd
adred-c148s,zfp538,0.7965,1.889,67,CH7,high_rmsd
aeblue,asulcp,0.6883,0.932,56,CH6,clashes
aeurgfp,dronpa-c62s,0.5135,0.865,67,GYS,clashes
afcfp,dronpa-c62s,0.7054,0.665,65,GYS,clashes
afragfp,dronpa-c62s,0.6532,1.036,65,GYS,clashes
ahyacp,dsred-max,0.6927,0.664,55,NRQ,clashes
alajgfp1,kcy,0.5728,1.001,58,GYS,clashes
alajgfp2,kcy,0.5625,0.691,65,GYS,clashes
alajgfp3,kcy,0.5688,1.154,46,GYS,clashes
alphagfp,folding-reporter-gfp,0.9916,0.487,64,CRO,clashes
amcyan1,kcy,0.5571,1.502,52,GYS,high_rmsd
amfp495,kcy,0.5571,0.676,53,GYS,clashes
amilcp-orange,dsred-max,0.6927,0.889,46,NRQ,clashes
amilcp-pink,dsred-max,0.6927,0.555,57,NRQ,clashes
amilcp580,dsred-max,0.6972,0.667,54,NRQ,clashes
amilcp586,dsred-max,0.6881,0.688,63,NRQ,clashes
amilcp604,dsred-max,0.6927,0.891,56,NRQ,clashes
amilfp484,dronpa-c62s,0.518,0.982,50,GYS,clashes
amilfp490,dronpa-c62s,0.5225,0.99,59,GYS,clashes
amilfp497,dronpa-c62s,0.5315,1.07,69,GYS,clashes
amilfp504,dronpa-c62s,0.5229,0.954,62,GYS,clashes
amilfp512,dronpa-c62s,0.5135,0.794,65,GYS,clashes
amilfp513,dronpa-c62s,0.5135,0.92,69,GYS,clashes
amilfp593,zfp538,0.8009,1.025,38,CH7,clashes
amilfp597,zfp538,0.8009,1.27,51,CH7,clashes
amilgfp,dronpa-c62s,0.5135,0.934,67,GYS,clashes
anm1gfp1,cegfp,0.4472,3.88,4,CRO,high_rmsd
anm1gfp2,cegfp,0.4855,2.107,17,CRO,high_rmsd
anm2cp,r-velour,0.4144,3.473,46,QYG,high_rmsd
anobcfp1,dronpa-c62s,0.518,1.02,57,GYS,clashes
anobcfp2,dronpa-c62s,0.518,0.761,61,GYS,clashes
anobgfp,dronpa-c62s,0.5135,0.887,70,GYS,clashes
apulcp584,dsred-max,0.6927,0.674,54,NRQ,clashes
apulfp483,dronpa-c62s,0.5135,0.934,57,GYS,clashes
aq14,asulcp,0.6797,1.165,63,CH6,clashes
aq143,asulcp,0.671,1.132,59,CH6,clashes
aquamarine,cegfp,0.9793,2.303,13,CRO,high_rmsd
ascp562,asulcp,0.9741,0.894,66,CH6,clashes
asred2,asulcp,0.9654,0.698,66,CH6,clashes
atenfp,dronpa-c62s,0.5023,0.914,49,GYS,clashes
avgfp454,gfp-s65t,0.9916,0.35,71,CRO,clashes
avicfp1,cegfp,0.8125,2.335,30,CRO,high_rmsd
avicfp2,cegfp,0.5423,2.611,4,CRO,high_rmsd
avicfp3,cegfp,0.5423,2.584,1,CRO,high_rmsd
avicfp4,phiyfp,0.6121,0.568,57,CRO,clashes
azaleab5,dsred-max,0.5882,0.91,54,NRQ,clashes
azamigreen,dronpa-c62s,0.7545,0.947,61,GYS,clashes
azurite,gfp-s65t,0.9748,0.312,66,CRO,clashes
bdfp20,mscarlet-h,0.8664,0.803,47,NRQ,clashes
bflogfpa1,mneongreen,0.5297,4.268,35,CR2,high_rmsd
bfp,gfp-s65t,0.9874,0.331,65,CRO,clashes
bfp5,gfp-s65t,0.9832,0.347,66,CRO,clashes
bfpa5,cegfp,0.9722,2.338,14,CRO,high_rmsd
bluebonnet2,mkate,0.917,1.49,91,NRQ,clashes
bruslee,cegfp,0.9931,2.318,20,CRO,high_rmsd
bsdronpa,dronpa-c62s,0.9598,0.868,59,GYS,clashes
c3pa-gfp,folding-reporter-gfp,0.9748,0.476,57,CRO,clashes
car-geco1,mscarlet-h,0.6147,3.659,39,NRQ,high_rmsd
ccalgfp1,dronpa-c62s,0.5417,0.653,61,GYS,clashes
ccalgfp3,kcy,0.5258,0.744,66,GYS,clashes
ccalofp1,dronpa-c62s,0.5204,1.131,65,GYS,clashes
ccalrfp1,kcy,0.554,0.83,53,GYS,clashes
ccalyfp1,kcy,0.5399,1.386,52,GYS,clashes
cerfp505,mscarlet-h,0.4074,0.614,50,NRQ,clashes
cfp,gfp-s65t,0.9916,0.364,64,CRO,clashes
cfp4,gfp-s65t,0.958,0.309,69,CRO,clashes
cfp484,dronpa-c62s,0.6861,0.974,54,GYS,clashes
cfsgfp2,cegfp,0.9655,2.472,13,CRO,high_rmsd
cgfmkate2,mkate,0.961,1.073,102,NRQ,clashes
cgfp,gfp-s65t,0.9916,0.3,83,CRO,clashes
cgftagrfp,tagrfp,0.9827,0.725,45,NRQ,clashes
cgigcp,asulcp,0.6696,0.902,59,CH6,clashes
cgiggfp,cp-mkate,0.5939,1.601,61,NRQ,high_rmsd
cgp,dronpa-c62s,0.8117,1.277,64,GYS,clashes
chegfp1,cegfp,0.5315,2.769,7,CRO,high_rmsd
chegfp2,cegfp,0.5035,2.671,26,CRO,high_rmsd
chegfp3,cegfp,0.4336,2.338,14,CRO,high_rmsd
chegfp4,cegfp,0.3846,2.619,54,CRO,high_rmsd
citrine2,cegfp,0.9586,2.37,6,CRO,high_rmsd
cjblue2,cp-mkate,0.6364,1.881,47,NRQ,high_rmsd
cjfp510,cp-mkate,0.6424,0.72,60,NRQ,clashes
clover15,superfolder-gfp,0.9664,0.421,60,CRO,clashes
cpascp,asulcp,0.6696,1.705,43,CH6,high_rmsd
cpcitrine,gfp-s65t,0.9622,0.359,65,CRO,clashes
crimson,mkate,0.8377,1.401,85,NRQ,clashes
crispred2s,mruby,0.859,0.622,47,NRQ,clashes
cu17s,staygold,0.9954,2.88,35,CR2,high_rmsd
cyofp1,mkate,0.8198,0.834,115,NRQ,clashes
cypet,cegfp,0.9517,2.406,17,CRO,high_rmsd
cyrfp1,mkate,0.8198,0.979,112,NRQ,clashes
d-rfp618,rfp630,0.987,0.979,104,NRQ,clashes
d10,cegfp,0.9724,2.336,19,CRO,high_rmsd
d1eosfp,dronpa-c62s,0.7455,0.937,63,GYS,clashes
d2eosfp,dronpa-c62s,0.75,0.837,70,GYS,clashes
darkvenus,cegfp,0.9724,2.401,16,CRO,high_rmsd
dclavgr16,dronpa-c62s,0.7783,0.696,67,GYS,clashes
dclover2,superfolder-gfp,0.9622,0.406,64,CRO,clashes
dclover2-a206k,superfolder-gfp,0.9622,0.394,62,CRO,clashes
dcyofp2s,mkate,0.8153,1.075,116,NRQ,clashes
dcyrfp2s,mkate,0.8063,1.195,108,NRQ,clashes
degfp2,gfp-s65t,0.9916,0.289,70,CRO,clashes
degfp3,gfp-s65t,0.9958,0.3,79,CRO,clashes
degfp4,gfp-s65t,0.9874,0.28,75,CRO,clashes
dendfp,dronpa-c62s,0.7009,0.763,74,GYS,clashes
dendra,dronpa-c62s,0.692,0.423,58,GYS,clashes
dendra2-m159a,dronpa-c62s,0.6786,0.466,60,GYS,clashes
dendra2-t69a,dronpa-c62s,0.6875,0.408,64,GYS,clashes
dfgfp,r-velour,0.489,2.312,62,QYG,high_rmsd
dhorgfp,dronpa-c62s,0.5225,0.813,69,GYS,clashes
dhorrfp,kcy,0.6402,0.735,64,GYS,clashes
dimer1,dsred-max,0.8929,0.9,67,NRQ,clashes
dimer2,dsred-max,0.8795,0.999,68,NRQ,clashes
dimvenus,cegfp,0.9724,2.409,13,CRO,high_rmsd
diogenes,tagrfp,0.9697,0.742,44,NRQ,clashes
dis2rfp,dsred-max,0.8304,1.212,66,NRQ,clashes
dis3gfp,dronpa-c62s,0.6027,1.355,61,GYS,clashes
dkeima,dsred-max,0.6881,1.155,42,NRQ,clashes
dkeima570,dsred-max,0.6835,1.59,60,NRQ,high_rmsd
dlanyfp,lanyfp,0.9726,2.134,49,CR2,high_rmsd
dpapaya01,zfp538,0.9784,2.368,41,CH7,high_rmsd
dronpa-2,dronpa-c62s,0.9911,0.685,60,GYS,clashes
dronpa-3,dronpa-c62s,0.9866,0.664,57,GYS,clashes
dspr1,dsred-max,0.8839,0.877,61,NRQ,clashes
dsred-express,dsred-max,0.9152,0.861,59,NRQ,clashes
dsred-express2,dsred-max,0.9822,1.108,73,NRQ,clashes
dsred-nf,dsred-max,0.8839,0.958,63,NRQ,clashes
dsred-timer,dsred-max,0.8929,0.942,61,NRQ,clashes
dsred2,dsred-max,0.8884,0.915,61,NRQ,clashes
dsredt3,dsred-max,0.9241,1.191,70,NRQ,clashes
dstc1,dsred-max,0.8884,0.761,66,NRQ,clashes
dtfp01,dronpa-c62s,0.6875,1.102,53,GYS,clashes
dtfp02,dronpa-c62s,0.683,1.103,58,GYS,clashes
dtomato,mscarlet-h,0.8745,0.685,53,NRQ,clashes
dultramarine2,dsred-max,0.6927,0.579,49,NRQ,clashes
dvfp,dronpa-c62s,0.75,1.067,55,GYS,clashes
e2-crimson,dsred-max,0.9422,0.545,70,NRQ,clashes
e2-crimson-nf,dsred-max,0.9378,0.562,70,NRQ,clashes
e2-orange,dsred-max,0.9733,0.855,52,NRQ,clashes
e2-redgreen,dsred-max,0.9733,0.929,65,NRQ,clashes
eagfp,dronpa-c62s,0.692,0.684,63,GYS,clashes
ebfp,cegfp,0.9793,2.386,21,CRO,high_rmsd
ebfp12,vsfgfp-0,0.9607,0.397,48,CRO,clashes
ebfp15,vsfgfp-0,0.952,0.407,46,CRO,clashes
ebfp2,cegfp,0.9448,2.402,16,CRO,high_rmsd
ecfp-h148d,cegfp,0.9793,2.391,11,CRO,high_rmsd
ecgfp,cegfp,0.9793,2.344,10,CRO,high_rmsd
ecgp123,dronpa-c62s,0.7803,0.724,61,GYS,clashes
echfp,dronpa-c62s,0.8125,1.773,46,GYS,high_rmsd
echifp,dronpa-c62s,0.6875,1.276,60,GYS,clashes
eechgfp1,dronpa-c62s,0.817,3.698,53,GYS,high_rmsd
eechgfp2,dronpa-c62s,0.8571,0.645,62,GYS,clashes
eechgfp3,dronpa-c62s,0.7723,0.864,69,GYS,clashes
eechrfp,dronpa-c62s,0.7143,0.75,64,GYS,clashes
efascfp,kcy,0.5434,1.106,46,GYS,clashes
efasgfp,kcy,0.5446,1.182,63,GYS,clashes
electra1,mruby,0.8282,0.729,54,NRQ,clashes
electra2,mruby,0.8282,1.193,51,NRQ,clashes
emerald,cegfp,0.9793,2.457,15,CRO,high_rmsd
eosfp,dronpa-c62s,0.75,0.994,63,GYS,clashes
eqfp578,katushka,0.9394,0.691,120,NRQ,clashes
eyfp,gfp-s65t,0.9748,0.418,63,CRO,clashes
eyfp-f46l,gfp-s65t,0.9706,0.418,62,CRO,clashes
eyfp-q69k,gfp-s65t,0.9706,0.401,60,CRO,clashes
eygfp,cpygfp,0.9909,1.909,40,CR2,high_rmsd
eygfpuv,cpygfp,0.9726,2.644,48,CR2,high_rmsd
eygpdp,cpygfp,0.9726,3.194,46,CR2,high_rmsd
fabdgfp,dronpa-c62s,0.8616,1.188,31,GYS,clashes
fast-ft,mscarlet-h,0.8707,0.78,49,NRQ,clashes
fcfp,dronpa-c62s,0.7991,1.193,51,GYS,clashes
fcomfp,dronpa-c62s,0.6027,1.934,48,GYS,high_rmsd
ffdronpa,dronpa-c62s,0.9911,0.65,62,GYS,clashes
fp586,dsred-max,0.8884,0.952,60,NRQ,clashes
fpaagar,dsred-max,0.5092,1.189,70,NRQ,clashes
fpag_frag,dronpa-c62s,0.552,2.522,44,GYS,high_rmsd
fpcondchrom,asulcp,0.6432,0.901,50,CH6,clashes
fpmcavgr77,dronpa-c62s,0.808,1.57,62,GYS,high_rmsd
fprfl23,dronpa-c62s,0.6161,0.994,65,GYS,clashes
fr-1,cp-mkate,0.9036,0.675,56,NRQ,clashes
free-use-gfp,vsfgfp-0,0.7991,0.306,73,CRO,clashes
frskylan-s,dronpa-c62s,0.7411,0.429,66,GYS,clashes
fusionred,cp-mkate,0.9157,0.942,49,NRQ,clashes
fusionred-m,cp-mkate,0.9157,0.903,56,NRQ,clashes
fusionred-mqv,cp-mkate,0.9096,0.908,57,NRQ,clashes
fwyellow,phiyfp,0.8541,0.982,52,CRO,clashes
g1,dronpa-c62s,0.6516,1.024,65,GYS,clashes
g2,dronpa-c62s,0.6516,0.926,66,GYS,clashes
g3,dronpa-c62s,0.6561,1.148,44,GYS,clashes
g3gfp,gfp-s65t,0.9874,0.364,65,CRO,clashes
gamillus01,r-velour,0.4934,2.493,66,QYG,high_rmsd
gamillus02,r-velour,0.4934,1.561,49,QYG,high_rmsd
gamillus03,r-velour,0.4934,0.946,56,QYG,clashes
gamillus04,r-velour,0.489,1.069,56,QYG,clashes
gamillus05,r-velour,0.4934,1.049,58,QYG,clashes
gdjicp,dsred-max,0.6835,0.552,61,NRQ,clashes
gdt,dsred-max,0.8482,0.866,57,NRQ,clashes
gfasgfp,dronpa-c62s,0.75,0.683,64,GYS,clashes
gfpe222g,gfp-s65t,0.9916,0.558,50,CRO,clashes
gfpmut2,gfp-s65t,0.9874,0.581,52,CRO,clashes
gfpmut3,gfp-s65t,0.9916,0.393,68,CRO,clashes
gfpxm16,cegfp,0.875,2.276,10,CRO,high_rmsd
gfpxm161,cegfp,0.875,2.335,18,CRO,high_rmsd
gfpxm162,cegfp,0.875,2.266,12,CRO,high_rmsd
gfpxm163,cegfp,0.875,2.266,15,CRO,high_rmsd
gfpxm18,cegfp,0.8681,2.23,14,CRO,high_rmsd
gfpxm181uv,cegfp,0.8681,2.296,19,CRO,high_rmsd
gfpxm18uv,cegfp,0.875,2.304,21,CRO,high_rmsd
gfpxm19,cegfp,0.8611,2.241,12,CRO,high_rmsd
gfpxm191uv,cegfp,0.8611,2.352,9,CRO,high_rmsd
gfpxm19uv,cegfp,0.8681,2.288,16,CRO,high_rmsd
ggvt,dsred-max,0.8482,1.821,49,NRQ,high_rmsd
grvt,dsred-max,0.8489,1.284,59,NRQ,clashes
gtencp,dsred-max,0.6881,0.847,57,NRQ,clashes
h2-3,dronpa-c62s,0.527,4.115,24,GYS,high_rmsd
h9,gfp-s65t,0.9874,0.561,53,CRO,clashes
hcred-tandem,cp-mkate,0.6391,2.274,27,NRQ,high_rmsd
hcred1-blue,cp-mkate,0.6485,2.971,26,NRQ,high_rmsd
hcricp,cp-mkate,0.6485,0.787,47,NRQ,clashes
hcrigfp,cp-mkate,0.5879,0.886,62,NRQ,clashes
hfrifp,gfp-s65t,0.9874,0.333,70,CRO,clashes
hmgfp,cp-mkate,0.5939,4.308,30,NRQ,high_rmsd
hmkeima85,dsred-max,0.6743,1.013,57,NRQ,clashes
htfunclib_acid1,cegfp,0.9452,2.272,18,CRO,high_rmsd
htfunclib_acid2,cegfp,0.9384,2.278,20,CRO,high_rmsd
htfunclib_acid3,cegfp,0.9315,3.213,1,CRO,high_rmsd
htfunclib_acid4,cegfp,0.9384,2.353,19,CRO,high_rmsd
htfunclib_acid5,cegfp,0.9452,2.287,26,CRO,high_rmsd
htfunclib_acid6,cegfp,0.9384,2.323,20,CRO,high_rmsd
htfunclib_basic1,cegfp,0.9452,2.315,19,CRO,high_rmsd
htfunclib_basic2,cegfp,0.9384,2.326,16,CRO,high_rmsd
htfunclib_basic3,cegfp,0.9384,2.376,24,CRO,high_rmsd
htfunclib_basic4,cegfp,0.9315,2.262,15,CRO,high_rmsd
htfunclib_basic6,cegfp,0.9452,2.349,18,CRO,high_rmsd
htfunclib_bleach1,cegfp,0.9452,2.444,6,CRO,high_rmsd
htfunclib_bleach2,cegfp,0.9247,2.36,16,CRO,high_rmsd
htfunclib_bleach3,cegfp,0.9384,2.314,26,CRO,high_rmsd
htfunclib_bleach4,cegfp,0.9315,2.218,20,CRO,high_rmsd
htfunclib_bleach5,cegfp,0.9384,2.324,17,CRO,high_rmsd
htfunclib_bleach6,cegfp,0.9384,2.342,19,CRO,high_rmsd
htfunclib_em-blue-shift1,cegfp,0.9315,2.273,27,CRO,high_rmsd
htfunclib_em-blue-shift2,cegfp,0.9384,2.336,17,CRO,high_rmsd
htfunclib_fast1,cegfp,0.9384,2.269,21,CRO,high_rmsd
htfunclib_fast2,cegfp,0.9384,2.328,20,CRO,high_rmsd
htfunclib_fast3,cegfp,0.9315,2.271,16,CRO,high_rmsd
htfunclib_fast4,cegfp,0.9384,2.419,25,CRO,high_rmsd
htfunclib_mid10,cegfp,0.9315,2.462,23,CRO,high_rmsd
htfunclib_mid11,cegfp,0.9521,2.383,19,CRO,high_rmsd
htfunclib_mid12,cegfp,0.9452,2.306,26,CRO,high_rmsd
htfunclib_mid13,cegfp,0.9384,2.273,17,CRO,high_rmsd
htfunclib_mid2,cegfp,0.9452,3.219,17,CRO,high_rmsd
htfunclib_mid3,cegfp,0.9384,2.296,34,CRO,high_rmsd
htfunclib_mid4,cegfp,0.9384,2.362,18,CRO,high_rmsd
htfunclib_mid5,cegfp,0.9521,2.332,19,CRO,high_rmsd
htfunclib_mid6,cegfp,0.9384,2.277,17,CRO,high_rmsd
htfunclib_mid7,cegfp,0.9452,2.311,20,CRO,high_rmsd
htfunclib_mid8,cegfp,0.9384,2.33,13,CRO,high_rmsd
htfunclib_mid9,cegfp,0.9452,2.31,19,CRO,high_rmsd
htfunclib_photostable1,cegfp,0.9315,2.329,14,CRO,high_rmsd
htfunclib_photostable2,cegfp,0.9315,2.386,21,CRO,high_rmsd
htfunclib_sfacid3,vsfgfp-0,0.9694,0.463,50,CRO,clashes
htfunclib_sfacid4,vsfgfp-0,0.9738,0.545,63,CRO,clashes
htfunclib_sfacid5,vsfgfp-0,0.9782,0.406,66,CRO,clashes
htfunclib_sfbleach1,vsfgfp-0,0.9782,1.698,60,CRO,high_rmsd
htfunclib_sfbleach2,vsfgfp-0,0.9651,0.433,65,CRO,clashes
htfunclib_sfbleach3,vsfgfp-0,0.9738,0.329,77,CRO,clashes
htfunclib_sfem-blue-shift1,vsfgfp-0,0.9694,1.958,45,CRO,high_rmsd
htfunclib_sfem-blue-shift2,vsfgfp-0,0.9738,2.29,57,CRO,high_rmsd
htfunclib_sffast3,vsfgfp-0,0.9651,0.478,57,CRO,clashes
htfunclib_sfmid10,vsfgfp-0,0.9782,0.534,57,CRO,clashes
htfunclib_sfmid11,vsfgfp-0,0.9869,0.292,72,CRO,clashes
htfunclib_sfmid12,vsfgfp-0,0.9738,0.448,57,CRO,clashes
htfunclib_sfmid5,vsfgfp-0,0.9782,0.317,73,CRO,clashes
htfunclib_sfmid7,vsfgfp-0,0.9869,0.325,79,CRO,clashes
htfunclib_sfmid9,vsfgfp-0,0.9869,0.269,71,CRO,clashes
htfunclib_sfphotostable1,vsfgfp-0,0.9651,0.448,75,CRO,clashes
htfunclib_sfphotostable2,vsfgfp-0,0.9694,0.572,53,CRO,clashes
htfunclib_sfthermo2,vsfgfp-0,0.9825,0.281,78,CRO,clashes
htfunclib_sfthermo9,vsfgfp-0,0.9782,0.29,70,CRO,clashes
htfunclib_slow1,cegfp,0.9521,2.287,15,CRO,high_rmsd
htfunclib_slow2,cegfp,0.9247,2.407,15,CRO,high_rmsd
htfunclib_slow3,cegfp,0.9384,2.318,16,CRO,high_rmsd
htfunclib_slow4,cegfp,0.9589,2.362,18,CRO,high_rmsd
htfunclib_slow5,cegfp,0.9452,2.322,15,CRO,high_rmsd
htfunclib_thermo1,cegfp,0.9589,2.311,16,CRO,high_rmsd
htfunclib_thermo2,cegfp,0.9589,2.329,18,CRO,high_rmsd
htfunclib_thermo3,cegfp,0.9589,2.325,15,CRO,high_rmsd
htfunclib_thermo4,cegfp,0.9521,2.365,20,CRO,high_rmsd
htfunclib_thermo5,cegfp,0.9315,2.299,19,CRO,high_rmsd
htfunclib_thermo6,cegfp,0.9315,2.35,15,CRO,high_rmsd
htfunclib_thermo8,cegfp,0.9452,2.344,17,CRO,high_rmsd
htfunclib_thermo9,cegfp,0.9521,2.312,18,CRO,high_rmsd
iq-memerald,cegfp,0.9793,2.405,17,CRO,high_rmsd
jred,r-velour,0.4035,0.969,49,QYG,clashes
kaede,dronpa-c62s,0.7188,0.975,50,GYS,clashes
katushka-9-5,katushka,0.9827,0.671,89,NRQ,clashes
katushka2s,katushka,0.9913,0.767,106,NRQ,clashes
kcy-g4219,kcy,0.9596,0.86,42,GYS,clashes
kcy-g4219-38l,kcy,0.9552,1.157,43,GYS,clashes
kcy-r1-158a,kcy,0.95,0.829,50,GYS,clashes
kcy-r1-38h,kcy,0.95,1.406,48,GYS,clashes
kcy-r1-38l,kcy,0.9455,1.44,33,GYS,clashes
kfp1,asulcp,0.9698,0.583,64,CH6,clashes
ko,kcy,0.6636,1.419,52,GYS,clashes
kohinoor,dronpa-c62s,0.942,0.628,71,GYS,clashes
kohinoor20,dronpa-c62s,0.9107,3.237,35,GYS,high_rmsd
laesgfp,pplugfp2,0.7027,2.254,43,CR2,high_rmsd
lanfp1,mneongreen,0.5455,4.473,34,CR2,high_rmsd
lanfp2,lanyfp,0.5734,2.668,31,CR2,high_rmsd
lime,superfolder-gfp,0.9664,0.312,73,CRO,clashes
lssa12,vsfgfp-0,0.9258,0.328,66,CRO,clashes
lssmapple,mscarlet-h,0.8103,0.573,69,NRQ,clashes
lssmcherry1,mscarlet-h,0.8534,0.571,51,NRQ,clashes
lssmgfp,vsfgfp-0,0.9127,1.327,39,CRO,clashes
lssmscarlet2,mscarlet,0.9526,0.596,73,NRQ,clashes
lssmscarlet3,mscarlet,0.9569,0.777,73,NRQ,clashes
m-velour-537,r-velour,0.9956,0.897,58,QYG,clashes
m-velour-553,r-velour,0.9956,0.85,67,QYG,clashes
m-velour-554,r-velour,0.9956,0.95,55,QYG,clashes
m355na,asulcp,0.9871,0.537,72,CH6,clashes
mametrine,cegfp,0.9379,2.342,16,CRO,high_rmsd
mapple,mscarlet-h,0.8276,1.952,66,NRQ,high_rmsd
maroon01,mkate,0.9481,0.643,97,NRQ,clashes
mars1,dronpa-c62s,0.6789,1.048,41,GYS,clashes
mavicfp1,cegfp,0.8194,2.363,20,CRO,high_rmsd
mbanana,mscarlet,0.8362,0.899,47,NRQ,clashes
mbaojin-t55s,mbaojin,0.9957,4.158,7,CR2,high_rmsd
mberfp,mkate,0.974,0.67,109,NRQ,clashes
mblueberry1,mscarlet-h,0.8448,0.809,57,NRQ,clashes
mblueberry2,mscarlet-h,0.8405,1.011,24,NRQ,clashes
mc1,dronpa-c62s,0.7768,0.416,52,GYS,clashes
mc2,dronpa-c62s,0.8616,1.502,53,GYS,high_rmsd
mc3,dronpa-c62s,0.808,1.384,50,GYS,clashes
mc4,dronpa-c62s,0.8527,1.337,55,GYS,clashes
mc5,dronpa-c62s,0.6964,0.962,65,GYS,clashes
mc6,dronpa-c62s,0.7812,1.092,58,GYS,clashes
mcag1,dronpa-c62s,0.8438,1.2,65,GYS,clashes
mcag1ea,dronpa-c62s,0.8393,1.408,49,GYS,clashes
mcag2,dronpa-c62s,0.7812,1.171,61,GYS,clashes
mcarmine,tagrfp675,0.9399,1.109,74,NRQ,clashes
mcavfp,dronpa-c62s,0.7545,1.085,57,GYS,clashes
mcavgfp,dronpa-c62s,0.7991,1.132,54,GYS,clashes
mcavrfp,dronpa-c62s,0.7634,0.523,61,GYS,clashes
mccfp,dronpa-c62s,0.7009,1.001,61,GYS,clashes
mcerulean,cegfp,0.9724,2.435,10,CRO,high_rmsd
mcerulean2,cegfp,0.9724,2.34,21,CRO,high_rmsd
mcerulean2d3,cegfp,0.9724,2.329,23,CRO,high_rmsd
mcerulean2n,cegfp,0.9724,2.346,19,CRO,high_rmsd
mcerulean2nt65s,cegfp,0.9724,2.399,17,CRO,high_rmsd
mceruleanb,cegfp,0.9724,2.354,17,CRO,high_rmsd
mceruleanb2,cegfp,0.9724,2.303,20,CRO,high_rmsd
mceruleanb24,cegfp,0.9724,2.381,17,CRO,high_rmsd
mcfp497,dronpa-c62s,0.7009,0.924,64,GYS,clashes
mcfp503,dronpa-c62s,0.7892,0.91,61,GYS,clashes
mcfp506,dronpa-c62s,0.7803,1.044,58,GYS,clashes
mchartreuse,superfolder-gfp,0.9706,0.275,71,CRO,clashes
mcherry-xl,mscarlet-h,0.8621,1.063,50,NRQ,clashes
mcherry15,mscarlet-h,0.8578,0.652,51,NRQ,clashes
mcherry2,mscarlet-h,0.8578,0.789,56,NRQ,clashes
mcherry_i202t,mscarlet-h,0.8664,0.585,47,NRQ,clashes
mcherry_i202y,mscarlet-h,0.8664,0.611,48,NRQ,clashes
mcherry_m10l,mscarlet-h,0.8664,0.74,48,NRQ,clashes
mcitrine,gfp-s65t,0.9664,0.374,68,CRO,clashes
mclavgr1,dronpa-c62s,0.7647,0.753,56,GYS,clashes
mclavgr11,dronpa-c62s,0.7511,0.978,53,GYS,clashes
mclavgr18,dronpa-c62s,0.7738,0.877,58,GYS,clashes
mclavgr2,dronpa-c62s,0.7738,0.845,54,GYS,clashes
mclover15,superfolder-gfp,0.9664,0.405,63,CRO,clashes
mclover3,superfolder-gfp,0.9622,0.375,63,CRO,clashes
mcrfp,dronpa-c62s,0.7723,1.083,31,GYS,clashes
mcyrfp1,mkate,0.8153,1.041,104,NRQ,clashes
mecfp,cegfp,0.9793,2.408,21,CRO,high_rmsd
medium-ft,mscarlet-h,0.8405,0.922,45,NRQ,clashes
meffcfp,zfp538,0.5789,0.883,66,CH7,clashes
meffcp,dsred-max,0.6881,1.096,30,NRQ,clashes
meffgfp,zfp538,0.7403,1.479,55,CH7,clashes
meffrfp,zfp538,0.7792,1.026,54,CH7,clashes
megfp,cegfp,0.9862,2.457,19,CRO,high_rmsd
melecfp,dronpa-c62s,0.6652,0.874,62,GYS,clashes
melerfp,dronpa-c62s,0.7589,0.794,69,GYS,clashes
memerald,cegfp,0.9793,2.451,13,CRO,high_rmsd
meos2-na,dronpa-c62s,0.7589,0.776,67,GYS,clashes
meos31,dronpa-c62s,0.7634,0.677,74,GYS,clashes
meos32,dronpa-c62s,0.7589,0.725,71,GYS,clashes
meos4a,dronpa-c62s,0.7366,0.487,70,GYS,clashes
meos4fast1,dronpa-c62s,0.7411,0.496,64,GYS,clashes
meos4fast2,dronpa-c62s,0.7366,0.859,69,GYS,clashes
meosem,dronpa-c62s,0.7455,0.558,73,GYS,clashes
meosfp-f173s,dronpa-c62s,0.7321,0.65,75,GYS,clashes
meosfp-m159a,dronpa-c62s,0.7321,0.478,68,GYS,clashes
merufp,dronpa-c62s,0.7455,0.987,58,GYS,clashes
meyfp,cegfp,0.9724,2.377,7,CRO,high_rmsd
mfag1,dronpa-c62s,0.8482,1.458,55,GYS,clashes
mgarnet,mruby,0.9824,1.136,60,NRQ,clashes
mgarnet2,mruby,0.9736,1.156,64,NRQ,clashes
mgeos-c,dronpa-c62s,0.7589,0.701,74,GYS,clashes
mgeos-e,dronpa-c62s,0.7589,1.028,62,GYS,clashes
mgeos-f,dronpa-c62s,0.7589,1.207,67,GYS,clashes
mgeos-l,dronpa-c62s,0.7589,1.07,59,GYS,clashes
mgeos-m,dronpa-c62s,0.7589,0.97,59,GYS,clashes
mgeos-s,dronpa-c62s,0.7634,0.807,69,GYS,clashes
mgfp5,gfp-s65t,0.9832,0.415,60,CRO,clashes
mgfpmut3,gfp-s65t,0.9874,0.388,66,CRO,clashes
mginger1,cp-mkate,0.6687,1.332,51,NRQ,clashes
mginger2,cp-mkate,0.6503,0.841,53,NRQ,clashes
mgold,cegfp,0.9724,2.424,11,CRO,high_rmsd
mgold2s,cegfp,0.9241,2.467,20,CRO,high_rmsd
mgold2t,cegfp,0.9241,2.44,15,CRO,high_rmsd
mgrape1,mscarlet,0.84,0.716,51,NRQ,clashes
mgrape2,mscarlet,0.8491,0.528,60,NRQ,clashes
mgrape3,mscarlet,0.8448,0.763,47,NRQ,clashes
mgreenlantern,cegfp,0.9448,2.412,24,CRO,high_rmsd
mhoneydew,mscarlet,0.8267,0.81,70,NRQ,clashes
micy,dronpa-c62s,0.5135,1.105,67,GYS,clashes
mirisfp,dronpa-c62s,0.7277,0.667,70,GYS,clashes
mjuniper,superfolder-gfp,0.9538,0.238,73,CRO,clashes
mk-go,kcy,0.6308,1.164,67,GYS,clashes
mkalama1,cegfp,0.9241,2.307,13,CRO,high_rmsd
mkate-m41g-s158c,mkate,0.9913,0.603,106,NRQ,clashes
mkate-s158a,mkate,0.9957,0.685,91,NRQ,clashes
mkate-s158c,mkate,0.9957,0.663,100,NRQ,clashes
mkate2,mkate,0.9784,0.766,110,NRQ,clashes
mkate25,cp-mkate,0.9518,1.087,60,NRQ,clashes
mkelly1,mkate,0.8991,1.72,115,NRQ,high_rmsd
mkelly2,mkate,0.8899,0.789,127,NRQ,clashes
mkg,kcy,0.6308,1.172,58,GYS,clashes
mkikgr,dronpa-c62s,0.7589,0.474,51,GYS,clashes
mko2,kcy,0.6262,1.619,63,GYS,high_rmsd
mkokappa,kcy,0.6308,1.149,61,GYS,clashes
mlemon,superfolder-gfp,0.9496,0.28,68,CRO,clashes
mlumin,mkate,0.9957,1.029,109,NRQ,clashes
mlychee,mscarlet-h,0.8178,0.839,52,NRQ,clashes
mmaple,dronpa-c62s,0.7602,0.796,66,GYS,clashes
mmaple2,dronpa-c62s,0.7602,0.7,63,GYS,clashes
mmaple3,dronpa-c62s,0.7511,0.971,49,GYS,clashes
mmaroon1,mkate,0.8658,0.865,97,NRQ,clashes
mmgfp,kcy,0.5455,0.893,65,GYS,clashes
mmgfp6,gfp-s65t,0.9748,0.346,66,CRO,clashes
mmicy,kcy,0.5114,1.129,61,GYS,clashes
mmilcfp,zfp538,0.5874,0.78,65,CH7,clashes
mnectarine,mscarlet-h,0.8362,0.912,33,NRQ,clashes
mneptune,mkate,0.974,1.056,99,NRQ,clashes
mneptune2,mkate,0.9567,0.691,104,NRQ,clashes
mneptune25,mkate,0.9481,0.673,93,NRQ,clashes
mneptune681,tagrfp675,0.9571,1.789,52,NRQ,high_rmsd
mneptune684,tagrfp675,0.9571,1.538,45,NRQ,high_rmsd
mofpt12,mscarlet,0.8578,0.682,48,NRQ,clashes
mofpt8,mscarlet,0.8621,0.484,51,NRQ,clashes
montfp,dronpa-c62s,0.6133,0.913,43,GYS,clashes
montipora-sp-20,dsred-max,0.6881,1.459,39,NRQ,clashes
montipora-sp-20-9115,dsred-max,0.6927,0.741,48,NRQ,clashes
morange2,mscarlet,0.8448,0.828,52,NRQ,clashes
moxbfp,vsfgfp-0,0.9345,0.337,49,CRO,clashes
moxcerulean3,cegfp,0.9379,2.726,6,CRO,high_rmsd
moxdendra2,dronpa-c62s,0.6696,0.536,56,GYS,clashes
moxeos32,dronpa-c62s,0.7455,0.44,60,GYS,clashes
moxgfp,superfolder-gfp,0.9832,0.338,65,CRO,clashes
moxmaple3,dronpa-c62s,0.7376,0.595,63,GYS,clashes
moxneongreen,mneongreen,0.9958,4.612,22,CR2,high_rmsd
moxvenus,vsfgfp-0,0.9432,0.387,65,CRO,clashes
mpa-gfp,cegfp,0.9793,2.337,11,CRO,high_rmsd
mpapaya,zfp538,0.9156,2.884,39,CH7,high_rmsd
mpapaya03,zfp538,0.9378,3.837,54,CH7,high_rmsd
mpapaya06,zfp538,0.9244,4.323,41,CH7,high_rmsd
mpapaya07,zfp538,0.92,2.94,41,CH7,high_rmsd
mraspberry,mscarlet,0.8407,1.16,40,NRQ,clashes
mred7,mscarlet-h,0.9052,0.6,46,NRQ,clashes
mred7q1,mscarlet-h,0.9095,0.626,54,NRQ,clashes
mred7q1s1,mscarlet,0.9181,0.841,67,NRQ,clashes
mred7q1s1bm,mscarlet,0.9871,0.571,47,NRQ,clashes
mrfp1,mscarlet,0.8356,0.522,65,NRQ,clashes
mrfp1-q66c,mscarlet,0.8356,0.912,62,NRQ,clashes
mrfp1-q66s,mscarlet,0.8356,0.647,53,NRQ,clashes
mrfp1-q66t,mscarlet,0.8356,0.604,51,NRQ,clashes
mrfp11,mscarlet,0.8356,0.478,58,NRQ,clashes
mrfp12,mscarlet,0.854,0.59,59,NRQ,clashes
mrfp13,mscarlet,0.8621,0.624,57,NRQ,clashes
mrfp14,mscarlet,0.8621,0.591,48,NRQ,clashes
mrfp15,mscarlet-h,0.8621,0.526,56,NRQ,clashes
mrfp1_magenta,mscarlet,0.84,0.613,60,NRQ,clashes
mrfp1_pink,mscarlet,0.8311,0.844,52,NRQ,clashes
mrfp1_violet,mscarlet,0.8356,0.746,52,NRQ,clashes
mrfp1_yellow,mscarlet,0.8311,0.546,50,NRQ,clashes
mrojob,mscarlet,0.8621,0.553,63,NRQ,clashes
mrtms5,dsred-max,0.6835,0.576,55,NRQ,clashes
mruby2,mruby,0.978,0.903,64,NRQ,clashes
mruby3,mruby,0.8855,0.682,70,NRQ,clashes
mrubyft,mruby,0.9471,0.966,67,NRQ,clashes
msandy2,mscarlet-h,0.8311,0.623,54,NRQ,clashes
mscarlet-220a,mscarlet,0.9957,0.588,51,NRQ,clashes
mscarlet-2a,mscarlet,0.9784,0.712,63,NRQ,clashes
mscarlet-2a-84w,mscarlet,0.9741,0.48,49,NRQ,clashes
mscarlet-i,mscarlet,0.9957,0.692,45,NRQ,clashes
mscarlet-i-220a,mscarlet,0.9914,0.652,47,NRQ,clashes
mscarlet-i3,mscarlet,0.9127,0.864,55,NRQ,clashes
mscarlet-i3-ncwt,mscarlet,0.9483,0.798,57,NRQ,clashes
mscarlet2-i,mscarlet,0.9607,0.617,57,NRQ,clashes
mscarlet3-s2,mscarlet-h,0.917,1.063,60,NRQ,clashes
msgfp2,vsfgfp-0,0.9651,0.338,74,CRO,clashes
mstable,mkate,0.974,0.642,94,NRQ,clashes
mstaygold,staygold,0.9539,1.158,44,CR2,clashes
mstaygold2,staygold,0.9631,0.868,52,CR2,clashes
mt-sapphire,cegfp,0.9586,2.384,9,CRO,high_rmsd
mtagbfp2,mkate,0.9437,1.821,93,NRQ,high_rmsd
mtangerine,mscarlet,0.8267,0.933,65,NRQ,clashes
mtfp03,dronpa-c62s,0.683,1.233,56,GYS,clashes
mtfp04,dronpa-c62s,0.6786,0.916,58,GYS,clashes
mtfp05,dronpa-c62s,0.6786,0.792,71,GYS,clashes
mtfp06,dronpa-c62s,0.6652,1.032,54,GYS,clashes
mtfp08,dronpa-c62s,0.6561,1.342,47,GYS,clashes
mtfp09,dronpa-c62s,0.6425,0.819,66,GYS,clashes
mtfp1-y67h,dronpa-c62s,0.6425,1.026,43,GYS,clashes
mtfp1-y67w,dronpa-c62s,0.6425,0.796,68,GYS,clashes
mturquoise-146g,cegfp,0.9724,2.442,13,CRO,high_rmsd
mturquoise-146s,cegfp,0.9724,2.481,18,CRO,high_rmsd
mturquoise-dr,cegfp,0.9724,2.431,12,CRO,high_rmsd
mturquoise-gl,cegfp,0.9724,2.292,25,CRO,high_rmsd
mturquoise-gv,cegfp,0.9724,2.328,18,CRO,high_rmsd
mturquoise-ra,cegfp,0.9724,2.399,15,CRO,high_rmsd
mturquoise2-1710,cegfp,0.9586,2.445,35,CRO,high_rmsd
mturquoise2-g,cegfp,0.9724,2.338,20,CRO,high_rmsd
mturquoise2_t203y,cegfp,0.9722,2.35,13,CRO,high_rmsd
mukg,dronpa-c62s,0.7085,0.976,57,GYS,clashes
mvenus,cegfp,0.9724,2.394,8,CRO,high_rmsd
mvenus-q69m,cegfp,0.9655,2.436,11,CRO,high_rmsd
mvermilion,mscarlet-h,0.8584,0.674,47,NRQ,clashes
mvfp,dronpa-c62s,0.7455,1.073,52,GYS,clashes
mvfp1,dronpa-c62s,0.7411,1.141,56,GYS,clashes
mwasabi,dronpa-c62s,0.6561,1.261,62,GYS,clashes
mwatermelon,mscarlet,0.9612,0.782,55,NRQ,clashes
n1oxstaygold,staygold,0.9816,1.208,47,CR2,clashes
nijifp,dronpa-c62s,0.6786,0.352,65,GYS,clashes
npr3784g,mscarlet-h,0.2075,2.586,36,NRQ,low_confidence
nu,cegfp,0.9586,2.441,24,CRO,high_rmsd
o-velour,r-velour,0.9913,0.812,56,QYG,clashes
obecfp,phiyfp,0.569,1.975,50,CRO,high_rmsd
obegfp,phiyfp,0.5733,2.188,55,CRO,high_rmsd
obeyfp,phiyfp,0.5776,2.785,48,CRO,high_rmsd
ofcp,r-velour,0.9825,1.019,59,QYG,clashes
ofp,dronpa-c62s,0.4147,1.52,62,GYS,high_rmsd
ofpxm,cegfp,0.8889,2.302,9,CRO,high_rmsd
oxbfp,vsfgfp-0,0.9389,0.381,48,CRO,clashes
oxgfp,superfolder-gfp,0.9874,0.25,72,CRO,clashes
oxstaygold,staygold,0.9862,2.181,51,CR2,high_rmsd
oxvenus,vsfgfp-0,0.9476,0.319,71,CRO,clashes
p11,gfp-s65t,0.9874,0.428,62,CRO,clashes
p4,gfp-s65t,0.9916,0.308,71,CRO,clashes
p4-1,gfp-s65t,0.9916,0.357,72,CRO,clashes
p4-3e,folding-reporter-gfp,0.9748,0.336,63,CRO,clashes
p9,gfp-s65t,0.9874,0.371,68,CRO,clashes
pa-gfp,cegfp,0.9793,2.319,14,CRO,high_rmsd
padron,dronpa-c62s,0.9598,0.629,57,GYS,clashes
padron2,dronpa-c62s,0.9152,0.659,63,GYS,clashes
padronstar,dronpa-c62s,0.9509,0.694,64,GYS,clashes
pamcherry1,mscarlet-h,0.8491,0.648,51,NRQ,clashes
pamcherry2,mscarlet-h,0.8405,0.694,63,NRQ,clashes
pamcherry3,mscarlet-h,0.8491,0.46,64,NRQ,clashes
pamkate,mkate,0.987,0.953,105,NRQ,clashes
patagrfp,mkate,0.9524,1.366,63,NRQ,clashes
patagrfp1297,mkate,0.9567,0.835,87,NRQ,clashes
patagrfp1314,mkate,0.9567,0.677,91,NRQ,clashes
pcdronpa2,dronpa-c62s,0.9732,0.795,74,GYS,clashes
pcstar,dronpa-c62s,0.7679,0.921,55,GYS,clashes
pdac1,kcy,0.5421,0.559,62,GYS,clashes
pdae1gfp,pplugfp2,0.7568,1.804,39,CR2,high_rmsd
ph-tdgfp,superfolder-gfp,0.9916,1.409,51,CRO,clashes
phanta,dronpa-c62s,0.7758,0.772,67,GYS,clashes
phiyfpv,phiyfp,0.9573,0.704,52,CRO,clashes
phluorin-ecliptic,cegfp,0.9653,2.349,23,CRO,high_rmsd
phluorin-ratiometric,cegfp,0.9583,2.332,22,CRO,high_rmsd
phluorin2,cegfp,0.9722,2.317,14,CRO,high_rmsd
phluorin4,superfolder-gfp,0.9538,0.313,63,CRO,clashes
phmscarlet,mscarlet-h,0.9698,0.64,48,NRQ,clashes
phuji,mscarlet-h,0.8233,0.66,56,NRQ,clashes
plamgfp,dronpa-c62s,0.7723,1.618,52,GYS,high_rmsd
plobrfp,eforcp,0.6009,3.551,70,NRQ,high_rmsd
pmeagfp1,pplugfp2,0.6396,2.373,37,CR2,high_rmsd
pmeagfp2,pplugfp2,0.6486,2.371,40,CR2,high_rmsd
pmimgfp1,pplugfp2,0.6937,1.798,41,CR2,high_rmsd
pmimgfp2,pplugfp2,0.6847,2.114,42,CR2,high_rmsd
pplugfp1,pplugfp2,0.973,2.464,33,CR2,high_rmsd
pporgfp,kcy,0.5742,0.833,66,GYS,clashes
pporrfp,eforcp,0.5826,1.081,78,NRQ,clashes
pross-egfp,cegfp,0.9521,2.293,20,CRO,high_rmsd
ps-cfp,acegfp,0.9664,0.42,52,GYS,clashes
ps-cfp2,acegfp,0.9538,0.673,47,GYS,clashes
psamcfp,zfp538,0.6114,0.718,70,CH7,clashes
psupfp,dsred-max,0.6789,0.855,64,NRQ,clashes
ptilgfp,rrgfp,0.5365,4.237,31,CRO,high_rmsd
q80r,gfp-s65t,0.9916,0.346,69,CRO,clashes
qc2-6,staygold,0.9631,1.702,57,CR2,high_rmsd
rdsmcherry01,mscarlet-h,0.8621,0.841,50,NRQ,clashes
rdsmcherry02,mscarlet-h,0.8578,0.854,74,NRQ,clashes
rdsmcherry05,mscarlet-h,0.8448,0.842,44,NRQ,clashes
rdsmcherry1,mscarlet-h,0.8448,0.606,68,NRQ,clashes
reach1,cegfp,0.9724,2.393,16,CRO,high_rmsd
reach2,cegfp,0.9724,2.364,14,CRO,high_rmsd
rflogfp,dronpa-c62s,0.6205,3.285,47,GYS,high_rmsd
rflogfp2,dronpa-c62s,0.6205,0.945,67,GYS,clashes
rflorfp,dronpa-c62s,0.6161,1.02,47,GYS,clashes
rfp611,eqfp611,0.9913,1.418,69,NRQ,clashes
rfp618,rfp630,0.9913,0.893,116,NRQ,clashes
rfp637,rfp630,0.987,0.968,100,NRQ,clashes
rfp639,rfp630,0.987,0.913,100,NRQ,clashes
rosmarinus,dronpa-c62s,0.692,1.295,56,GYS,clashes
rrengfp,rrgfp,0.9957,3.681,31,CRO,high_rmsd
rrvt,mscarlet-h,0.8701,4.201,40,NRQ,high_rmsd
rscherry,mscarlet-h,0.8578,0.651,54,NRQ,clashes
rscherryrev,mscarlet,0.8621,0.588,50,NRQ,clashes
rscherryrev14,mscarlet,0.8448,0.5,52,NRQ,clashes
rsegfp,cegfp,0.9793,2.425,18,CRO,high_rmsd
rsfastlime,dronpa-c62s,0.9911,0.691,58,GYS,clashes
rsfolder2,superfolder-gfp,0.9748,0.399,51,CRO,clashes
rsfusionred1,cp-mkate,0.9096,0.836,56,NRQ,clashes
rsfusionred2,cp-mkate,0.9157,0.674,59,NRQ,clashes
rsfusionred3,cp-mkate,0.9157,0.885,54,NRQ,clashes
rsgfp1,gfp-s65t,0.9832,0.359,78,CRO,clashes
rsgfp2,gfp-s65t,0.9874,0.314,65,CRO,clashes
rsgfp3,gfp-s65t,0.9832,0.305,76,CRO,clashes
rsgfp4,gfp-s65t,0.9874,0.462,69,CRO,clashes
rsgfp6,gfp-s65t,0.9832,0.372,79,CRO,clashes
rsgfp7,gfp-s65t,0.9832,0.415,70,CRO,clashes
rsgreen1,vsfgfp-0,0.9345,0.355,73,CRO,clashes
rskame,dronpa-c62s,0.9911,0.64,55,GYS,clashes
saasoti,dronpa-c62s,0.5392,1.003,59,GYS,clashes
sapphire,gfp-s65t,0.979,0.376,67,CRO,clashes
sarcgfp,dronpa-c62s,0.6996,0.913,56,GYS,clashes
sbfp1,cegfp,0.9655,2.419,13,CRO,high_rmsd
sbfp2,cegfp,0.9724,2.396,17,CRO,high_rmsd
scfp1,cegfp,0.9655,2.409,13,CRO,high_rmsd
scfp2,cegfp,0.9724,2.392,14,CRO,high_rmsd
scfp3b,cegfp,0.9724,2.355,21,CRO,high_rmsd
sclefp1,dronpa-c62s,0.8425,2.521,57,GYS,high_rmsd
sclefp2,dronpa-c62s,0.8288,2.36,39,GYS,high_rmsd
scorange,asulcp,0.8701,0.692,68,CH6,clashes
scubgfp1,dronpa-c62s,0.6175,1.119,57,GYS,clashes
scubgfp2,dronpa-c62s,0.6171,1.269,52,GYS,clashes
scubrfp,dronpa-c62s,0.692,0.782,62,GYS,clashes
secbfp2,mkate,0.9258,0.958,95,NRQ,clashes
seyfp,cegfp,0.9793,2.421,11,CRO,high_rmsd
sfcherry2,mscarlet-h,0.8402,0.695,47,NRQ,clashes
sfcherry3c,dsred-max,0.8174,0.781,60,NRQ,clashes
sforange,mscarlet,0.819,0.562,66,NRQ,clashes
sgbp,asulcp,0.6407,2.224,42,CH6,high_rmsd
sgbp-q62m,asulcp,0.645,2.756,61,CH6,high_rmsd
sgbp-s157c,asulcp,0.6364,3.226,41,CH6,high_rmsd
sgbp-s157t,asulcp,0.6364,3.19,49,CH6,high_rmsd
sgfp1,cegfp,0.9724,2.473,13,CRO,high_rmsd
sgfp2,cegfp,0.9793,2.43,18,CRO,high_rmsd
sgfp2206a,cegfp,0.9793,2.405,16,CRO,high_rmsd
sgfp2e222q,cegfp,0.9793,2.428,15,CRO,high_rmsd
sgfp2t65g,cegfp,0.9862,2.382,20,CRO,high_rmsd
shadowg,gfp-s65t,0.9622,0.382,71,CRO,clashes
shadowr,mscarlet,0.7802,0.383,71,NRQ,clashes
shadowy,cegfp,0.9517,2.389,18,CRO,high_rmsd
shbfp-n158kl173i,cp-mkate,0.6485,0.546,58,NRQ,clashes
shbfp-n158sl173i,cp-mkate,0.6545,2.042,21,NRQ,high_rmsd
shcp-e63ly64h,cp-mkate,0.6485,0.479,59,NRQ,clashes
shcp-e63s,cp-mkate,0.6545,0.515,57,NRQ,clashes
shcp-q39s,cp-mkate,0.6485,0.711,55,NRQ,clashes
shcp-t194i,cp-mkate,0.6545,0.548,61,NRQ,clashes
shg24,cegfp,0.8889,2.283,18,CRO,high_rmsd
shyrfp,mscarlet-h,0.8147,0.624,60,NRQ,clashes
sirius,cegfp,0.9517,2.388,11,CRO,high_rmsd
siriusgfp,vsfgfp-0,0.9694,0.286,73,CRO,clashes
skylan-ns,dronpa-c62s,0.7634,1.098,63,GYS,clashes
skylan-s,dronpa-c62s,0.7679,0.716,74,GYS,clashes
slow-ft,mscarlet-h,0.8578,0.704,48,NRQ,clashes
spgfp1-10,superfolder-gfp,0.9673,0.362,72,CRO,clashes
spoon,cegfp,0.9448,2.462,18,CRO,high_rmsd
sreach1,cegfp,0.9517,2.393,17,CRO,high_rmsd
sreach2,cegfp,0.9517,2.439,8,CRO,high_rmsd
staygold-e138d,staygold,0.9954,3.34,46,CR2,high_rmsd
stylcp,dsred-max,0.6789,0.821,57,NRQ,clashes
stylgfp,kcy,0.5417,0.609,68,GYS,clashes
sumire,superfolder-gfp,0.9574,0.278,72,CRO,clashes
super-tagrfp,tagrfp,0.987,0.68,48,NRQ,clashes
superecliptic-phluorin,cegfp,0.9722,2.444,27,CRO,high_rmsd
superfolder-bfp,superfolder-gfp,0.9958,0.308,63,CRO,clashes
superfolder-cfp,superfolder-gfp,0.9958,0.393,50,CRO,clashes
superfolder-mturquoise2,vsfgfp-0,0.9563,0.388,54,CRO,clashes
superfolder-mturquoise2-ox,vsfgfp-0,0.952,1.249,37,CRO,clashes
superfolder-phluorin,superfolder-gfp,0.9622,0.316,65,CRO,clashes
superfolder-yfp,superfolder-gfp,0.9958,0.275,71,CRO,clashes
supernova-green,r-velour,0.4,1.922,43,QYG,high_rmsd
supernova-red,r-velour,0.4044,1.151,43,QYG,clashes
supernova2,r-velour,0.4044,1.305,48,QYG,clashes
syfp2,cegfp,0.9793,2.363,17,CRO,high_rmsd
sympfp,dronpa-c62s,0.8348,4.096,36,GYS,high_rmsd
t-sapphire,cegfp,0.9586,2.392,12,CRO,high_rmsd
tagcfp,cegfp,0.8194,2.393,24,CRO,high_rmsd
taggfp,cegfp,0.9444,2.335,28,CRO,high_rmsd
taggfp2,cegfp,0.8403,2.308,31,CRO,high_rmsd
tagrfp657,tagrfp,0.961,1.744,46,NRQ,high_rmsd
tagrfp658,tagrfp,0.9351,1.535,52,NRQ,high_rmsd
tagyfp,cegfp,0.8621,2.365,21,CRO,high_rmsd
td-rfp611,eqfp611,0.9784,1.189,61,NRQ,clashes
td-rfp639,rfp630,0.9827,1.044,123,NRQ,clashes
td5oxstaygold,staygold,0.9816,3.246,51,CR2,high_rmsd
td5staygold,staygold,0.9954,1.435,57,CR2,clashes
td8oxstaygold,staygold,0.9816,1.253,51,CR2,clashes
tdimer212,dsred-max,0.8795,4.391,32,NRQ,high_rmsd
tdkatushka2,katushka,0.9481,0.515,124,NRQ,clashes
tdlanyfp,lanyfp,0.9726,3.861,49,CR2,high_rmsd
tdtomato,mscarlet-h,0.8745,4.073,39,NRQ,high_rmsd
tdultramarine2,dsred-max,0.6927,2.051,62,NRQ,high_rmsd
tkeima,dsred-max,0.6972,0.961,48,NRQ,clashes
topaz,gfp-s65t,0.9748,0.399,60,CRO,clashes
tpapaya001,zfp538,0.987,0.82,58,CH7,clashes
tripartitegfp,vsfgfp-0,0.9389,0.3,66,CRO,clashes
tspurple,asulcp,0.7018,0.735,65,CH6,clashes
turbofp602,katushka,0.9654,2.103,66,NRQ,high_rmsd
turbogfp-v197l,turbogfp,0.9954,4.17,38,CR2,high_rmsd
turborfp,katushka,0.9394,0.664,109,NRQ,clashes
turboyfp,phiyfp,0.9615,0.572,52,CRO,clashes
ultramarine,dsred-max,0.6835,0.911,51,NRQ,clashes
v127t-saasoti,dronpa-c62s,0.5346,0.999,58,GYS,clashes
var1,gfp-s65t,0.9748,0.625,50,CRO,clashes
vfp,dronpa-c62s,0.7455,1.115,53,GYS,clashes
vsfgfp-9,superfolder-gfp,1.0,0.747,56,CRO,clashes
vsgfp,superfolder-gfp,0.9958,0.27,69,CRO,clashes
w1c,gfp-s65t,0.9748,0.334,67,CRO,clashes
w2,gfp-s65t,0.9664,0.417,62,CRO,clashes
w7,gfp-s65t,0.9748,0.557,49,CRO,clashes
yegfp,gfp-s65t,0.9874,0.348,69,CRO,clashes
yfp3,gfp-s65t,0.9538,0.399,66,CRO,clashes
ygfpdp,cpygfp,0.9863,2.317,37,CR2,high_rmsd
ygfpuv,cpygfp,0.9909,3.035,39,CR2,high_rmsd
ypet,cegfp,0.9724,2.363,23,CRO,high_rmsd
yuzufp,superfolder-gfp,0.9916,0.385,43,CRO,clashes
zgfp,zfp538,0.7706,1.056,59,CH7,clashes
zoan2rfp,zfp538,0.8052,1.235,53,CH7,clashes
zrfp,zfp538,0.7904,1.46,50,CH7,clashes
zsgreen1,zfp538,0.8658,0.925,45,CH7,clashes
zsyellow1,zfp538,0.9957,0.877,47,CH7,clashes
22g,22g,1.0,0.0,0,experimental,rcsb_copy
3-ftyr-egfp,3-ftyr-egfp,1.0,0.0,0,experimental,rcsb_copy
a44-kr,a44-kr,1.0,0.0,0,experimental,rcsb_copy
acegfp,acegfp,1.0,0.0,0,experimental,rcsb_copy
adred,adred,1.0,0.0,0,experimental,rcsb_copy
amfp486,amfp486,1.0,0.0,0,experimental,rcsb_copy
amfp506,amfp506,1.0,0.0,0,experimental,rcsb_copy
amfp515,amfp515,1.0,0.0,0,experimental,rcsb_copy
amilcp,amilcp,1.0,0.0,0,experimental,rcsb_copy
asfp499,asfp499,1.0,0.0,0,experimental,rcsb_copy
asulcp,asulcp,1.0,0.0,0,experimental,rcsb_copy
avgfp,avgfp,1.0,0.0,0,experimental,rcsb_copy
avgfp480,avgfp480,1.0,0.0,0,experimental,rcsb_copy
azamired10,azamired10,1.0,0.0,0,experimental,rcsb_copy
bflogfpc1,bflogfpc1,1.0,0.0,0,experimental,rcsb_copy
bfpsol,bfpsol,1.0,0.0,0,experimental,rcsb_copy
blue102,blue102,1.0,0.0,0,experimental,rcsb_copy
ccgfp-e6,ccgfp-e6,1.0,0.0,0,experimental,rcsb_copy
cegfp,cegfp,1.0,0.0,0,experimental,rcsb_copy
cerulean,cerulean,1.0,0.0,0,experimental,rcsb_copy
citrine,citrine,1.0,0.0,0,experimental,rcsb_copy
cjblue,cjblue,1.0,0.0,0,experimental,rcsb_copy
clomeleon,clomeleon,1.0,0.0,0,experimental,rcsb_copy
clover,clover,1.0,0.0,0,experimental,rcsb_copy
cp-mkate,cp-mkate,1.0,0.0,0,experimental,rcsb_copy
cpygfp,cpygfp,1.0,0.0,0,experimental,rcsb_copy
degfp1,degfp1,1.0,0.0,0,experimental,rcsb_copy
dendra2,dendra2,1.0,0.0,0,experimental,rcsb_copy
dreiklang,dreiklang,1.0,0.0,0,experimental,rcsb_copy
dronpa,dronpa,1.0,0.0,0,experimental,rcsb_copy
dronpa-c62s,dronpa-c62s,1.0,0.0,0,experimental,rcsb_copy
dsfp483,dsfp483,1.0,0.0,0,experimental,rcsb_copy
dsred,dsred,1.0,0.0,0,experimental,rcsb_copy
dsred-max,dsred-max,1.0,0.0,0,experimental,rcsb_copy
dsredm1,dsredm1,1.0,0.0,0,experimental,rcsb_copy
dsredt4,dsredt4,1.0,0.0,0,experimental,rcsb_copy
ecfp,ecfp,1.0,0.0,0,experimental,rcsb_copy
eforcp,eforcp,1.0,0.0,0,experimental,rcsb_copy
egfp,egfp,1.0,0.0,0,experimental,rcsb_copy
egfp203c,egfp203c,1.0,0.0,0,experimental,rcsb_copy
egfp205c,egfp205c,1.0,0.0,0,experimental,rcsb_copy
enhanced-cyan-emitting-gfp,enhanced-cyan-emitting-gfp,1.0,0.0,0,experimental,rcsb_copy
eqfp611,eqfp611,1.0,0.0,0,experimental,rcsb_copy
eqfp611-v124t,eqfp611-v124t,1.0,0.0,0,experimental,rcsb_copy
eqfp650,eqfp650,1.0,0.0,0,experimental,rcsb_copy
eqfp670,eqfp670,1.0,0.0,0,experimental,rcsb_copy
esgfp,esgfp,1.0,0.0,0,experimental,rcsb_copy
fold6,fold6,1.0,0.0,0,experimental,rcsb_copy
folding-reporter-gfp,folding-reporter-gfp,1.0,0.0,0,experimental,rcsb_copy
gamillus,gamillus,1.0,0.0,0,experimental,rcsb_copy
gcamp2,gcamp2,1.0,0.0,0,experimental,rcsb_copy
gfascp,gfascp,1.0,0.0,0,experimental,rcsb_copy
gfp-151pytyrcu,gfp-151pytyrcu,1.0,0.0,0,experimental,rcsb_copy
gfp-s65t,gfp-s65t,1.0,0.0,0,experimental,rcsb_copy
gfp-tyr151pyz,gfp-tyr151pyz,1.0,0.0,0,experimental,rcsb_copy
gfphal,gfphal,1.0,0.0,0,experimental,rcsb_copy
hcred,hcred,1.0,0.0,0,experimental,rcsb_copy
hcred7,hcred7,1.0,0.0,0,experimental,rcsb_copy
hyperfolder-yfp,hyperfolder-yfp,1.0,0.0,0,experimental,rcsb_copy
ifp20,ifp20,1.0,0.0,0,experimental,rcsb_copy
irisfp,irisfp,1.0,0.0,0,experimental,rcsb_copy
irisfp-m159a,irisfp-m159a,1.0,0.0,0,experimental,rcsb_copy
katushka,katushka,1.0,0.0,0,experimental,rcsb_copy
kcy,kcy,1.0,0.0,0,experimental,rcsb_copy
kcy-r1,kcy-r1,1.0,0.0,0,experimental,rcsb_copy
kikg,kikg,1.0,0.0,0,experimental,rcsb_copy
kikgr1,kikgr1,1.0,0.0,0,experimental,rcsb_copy
killerorange,killerorange,1.0,0.0,0,experimental,rcsb_copy
killerred,killerred,1.0,0.0,0,experimental,rcsb_copy
lagfp,lagfp,1.0,0.0,0,experimental,rcsb_copy
lanrfp-deltas83l,lanrfp-deltas83l,1.0,0.0,0,experimental,rcsb_copy
lanyfp,lanyfp,1.0,0.0,0,experimental,rcsb_copy
larfp,larfp,1.0,0.0,0,experimental,rcsb_copy
lea,lea,1.0,0.0,0,experimental,rcsb_copy
lss-mkate1,lss-mkate1,1.0,0.0,0,experimental,rcsb_copy
lss-mkate2,lss-mkate2,1.0,0.0,0,experimental,rcsb_copy
lssmorange,lssmorange,1.0,0.0,0,experimental,rcsb_copy
lssmscarlet,lssmscarlet,1.0,0.0,0,experimental,rcsb_copy
mazamigreen,mazamigreen,1.0,0.0,0,experimental,rcsb_copy
mbaojin,mbaojin,1.0,0.0,0,experimental,rcsb_copy
mcardinal,mcardinal,1.0,0.0,0,experimental,rcsb_copy
mcerulean3,mcerulean3,1.0,0.0,0,experimental,rcsb_copy
mcherry,mcherry,1.0,0.0,0,experimental,rcsb_copy
mcrispred,mcrispred,1.0,0.0,0,experimental,rcsb_copy
meos2,meos2,1.0,0.0,0,experimental,rcsb_copy
meos2-a69t,meos2-a69t,1.0,0.0,0,experimental,rcsb_copy
meos4b,meos4b,1.0,0.0,0,experimental,rcsb_copy
meos4b-l93m,meos4b-l93m,1.0,0.0,0,experimental,rcsb_copy
meosfp,meosfp,1.0,0.0,0,experimental,rcsb_copy
mkate,mkate,1.0,0.0,0,experimental,rcsb_copy
mkeima,mkeima,1.0,0.0,0,experimental,rcsb_copy
mkillerorange,mkillerorange,1.0,0.0,0,experimental,rcsb_copy
mko,mko,1.0,0.0,0,experimental,rcsb_copy
mneongreen,mneongreen,1.0,0.0,0,experimental,rcsb_copy
monomeric-hyperfolder-yfp,monomeric-hyperfolder-yfp,1.0,0.0,0,experimental,rcsb_copy
morange,morange,1.0,0.0,0,experimental,rcsb_copy
mplum,mplum,1.0,0.0,0,experimental,rcsb_copy
mplum-e16p,mplum-e16p,1.0,0.0,0,experimental,rcsb_copy
mrojoa,mrojoa,1.0,0.0,0,experimental,rcsb_copy
mrouge,mrouge,1.0,0.0,0,experimental,rcsb_copy
mruby,mruby,1.0,0.0,0,experimental,rcsb_copy
mscarlet,mscarlet,1.0,0.0,0,experimental,rcsb_copy
mscarlet-h,mscarlet-h,1.0,0.0,0,experimental,rcsb_copy
mscarlet3,mscarlet3,1.0,0.0,0,experimental,rcsb_copy
mscarlet3-h,mscarlet3-h,1.0,0.0,0,experimental,rcsb_copy
mstrawberry,mstrawberry,1.0,0.0,0,experimental,rcsb_copy
mtfp,mtfp,1.0,0.0,0,experimental,rcsb_copy
mtfp07,mtfp07,1.0,0.0,0,experimental,rcsb_copy
mtfp1,mtfp1,1.0,0.0,0,experimental,rcsb_copy
mturquoise,mturquoise,1.0,0.0,0,experimental,rcsb_copy
mturquoise2,mturquoise2,1.0,0.0,0,experimental,rcsb_copy
mugfp,mugfp,1.0,0.0,0,experimental,rcsb_copy
neptune,neptune,1.0,0.0,0,experimental,rcsb_copy
nowgfp,nowgfp,1.0,0.0,0,experimental,rcsb_copy
padron09,padron09,1.0,0.0,0,experimental,rcsb_copy
pcdronpa,pcdronpa,1.0,0.0,0,experimental,rcsb_copy
pdm1-4,pdm1-4,1.0,0.0,0,experimental,rcsb_copy
phiyfp,phiyfp,1.0,0.0,0,experimental,rcsb_copy
pplugfp2,pplugfp2,1.0,0.0,0,experimental,rcsb_copy
pslssmkate,pslssmkate,1.0,0.0,0,experimental,rcsb_copy
psmorange,psmorange,1.0,0.0,0,experimental,rcsb_copy
psmorange2,psmorange2,1.0,0.0,0,experimental,rcsb_copy
r-velour,r-velour,1.0,0.0,0,experimental,rcsb_copy
rcamp,rcamp,1.0,0.0,0,experimental,rcsb_copy
rfp630,rfp630,1.0,0.0,0,experimental,rcsb_copy
rogfp1,rogfp1,1.0,0.0,0,experimental,rcsb_copy
rogfp1-r1,rogfp1-r1,1.0,0.0,0,experimental,rcsb_copy
rogfp1-r8,rogfp1-r8,1.0,0.0,0,experimental,rcsb_copy
rogfp2,rogfp2,1.0,0.0,0,experimental,rcsb_copy
rpbphp1,rpbphp1,1.0,0.0,0,experimental,rcsb_copy
rrgfp,rrgfp,1.0,0.0,0,experimental,rcsb_copy
rsegfp2,rsegfp2,1.0,0.0,0,experimental,rcsb_copy
rsfolder,rsfolder,1.0,0.0,0,experimental,rcsb_copy
rstagrfp,rstagrfp,1.0,0.0,0,experimental,rcsb_copy
rtms5,rtms5,1.0,0.0,0,experimental,rcsb_copy
scfp3a,scfp3a,1.0,0.0,0,experimental,rcsb_copy
sfcherry,sfcherry,1.0,0.0,0,experimental,rcsb_copy
sg11,sg11,1.0,0.0,0,experimental,rcsb_copy
sg12,sg12,1.0,0.0,0,experimental,rcsb_copy
sg25,sg25,1.0,0.0,0,experimental,rcsb_copy
sg42,sg42,1.0,0.0,0,experimental,rcsb_copy
sg50,sg50,1.0,0.0,0,experimental,rcsb_copy
shardonnay,shardonnay,1.0,0.0,0,experimental,rcsb_copy
shbfp,shbfp,1.0,0.0,0,experimental,rcsb_copy
shcp,shcp,1.0,0.0,0,experimental,rcsb_copy
spiscp,spiscp,1.0,0.0,0,experimental,rcsb_copy
staygold,staygold,1.0,0.0,0,experimental,rcsb_copy
superfolder-gfp,superfolder-gfp,1.0,0.0,0,experimental,rcsb_copy
tagbfp,tagbfp,1.0,0.0,0,experimental,rcsb_copy
tagrfp,tagrfp,1.0,0.0,0,experimental,rcsb_copy
tagrfp-t,tagrfp-t,1.0,0.0,0,experimental,rcsb_copy
tagrfp675,tagrfp675,1.0,0.0,0,experimental,rcsb_copy
thermostable-green-protein,thermostable-green-protein,1.0,0.0,0,experimental,rcsb_copy
trp-less-gfp,trp-less-gfp,1.0,0.0,0,experimental,rcsb_copy
turbogfp,turbogfp,1.0,0.0,0,experimental,rcsb_copy
turquoise-gl,turquoise-gl,1.0,0.0,0,experimental,rcsb_copy
usgfp,usgfp,1.0,0.0,0,experimental,rcsb_copy
venus,venus,1.0,0.0,0,experimental,rcsb_copy
vsfgfp-0,vsfgfp-0,1.0,0.0,0,experimental,rcsb_copy
wascfp,wascfp,1.0,0.0,0,experimental,rcsb_copy
zfp538,zfp538,1.0,0.0,0,experimental,rcsb_copy
zsgreen,zsgreen,1.0,0.0,0,experimental,rcsb_copy
