slug,chrom_pos0,chrom_pos1,chrom_pos2,chrom_residues,is_cofactor,status
10b,64,65,66,GYG,False,ok
11,64,65,66,GYG,False,ok
22g,61,62,63,CYG,False,ok
3-ftyr-egfp,63,64,65,GYG,False,ok
5b,64,65,66,TYG,False,ok
6c,64,65,66,TYG,False,ok
a1a,65,66,67,DYG,False,ok
a44-kr,64,65,66,QYG,False,ok
aacucp,61,62,63,QYG,False,ok
aacugfp1,67,68,69,QYG,False,ok
aacugfp2,67,68,69,QYG,False,ok
aausfp1,64,65,66,TYG,False,ok
aausfp2,64,65,66,AYG,False,ok
aausfp3,64,65,66,AYG,False,ok
aausfp4,64,65,66,AYG,False,ok
aausgfp,67,68,69,SYG,False,ok
acanfp,59,60,61,NYG,False,ok
acegfp,64,65,66,SYG,False,ok
acegfp-g222e-y220l,64,65,66,SYG,False,ok
acegfp-h,63,64,65,SYG,False,ok
acgfp1,65,66,67,SYG,False,ok
achilles,65,66,67,GYG,False,ok
adred,65,66,67,DYG,False,ok
adred-c148s,65,66,67,DYG,False,ok
aeblue,62,63,64,MYG,False,ok
aeurgfp,67,68,69,QYG,False,ok
afcfp,62,63,64,QYG,False,ok
afragfp,61,62,63,MYG,False,ok
ahyacp,61,62,63,QYG,False,ok
alajgfp1,65,66,67,CYG,False,ok
alajgfp2,60,61,62,CYG,False,ok
alajgfp3,65,66,67,AYG,False,ok
alphagfp,64,65,66,SYG,False,ok
amcyan1,67,68,69,MYG,False,ok
amfp486,67,68,69,KYG,False,ok
amfp495,67,68,69,KYG,False,ok
amfp506,67,68,69,KYG,False,ok
amfp515,67,68,69,KYG,False,ok
amilcp,61,62,63,QYG,False,ok
amilcp580,61,62,63,QYG,False,ok
amilcp586,61,62,63,QYG,False,ok
amilcp604,61,62,63,QYG,False,ok
amilcp-orange,61,62,63,GYG,False,ok
amilcp-pink,61,62,63,CYG,False,ok
amilfp484,67,68,69,QYG,False,ok
amilfp490,67,68,69,QYG,False,ok
amilfp497,67,68,69,QYG,False,ok
amilfp504,67,68,69,QYG,False,ok
amilfp512,67,68,69,QYG,False,ok
amilfp513,67,68,69,QYG,False,ok
amilfp593,65,66,67,DYG,False,ok
amilfp597,65,66,67,DYG,False,ok
amilgfp,67,68,69,QYG,False,ok
anm1gfp1,98,99,100,SYG,False,ok
anm1gfp2,61,62,63,SYG,False,ok
anm2cp,64,65,66,QYG,False,ok
anobcfp1,67,68,69,QYG,False,ok
anobcfp2,67,68,69,QYG,False,ok
anobgfp,67,68,69,QYG,False,ok
apulcp584,61,62,63,QYG,False,ok
apulfp483,67,68,69,QYG,False,ok
aq14,62,63,64,MYG,False,ok
aq143,62,63,64,MYG,False,ok
aquamarine,65,66,67,SWG,False,ok
ascp562,62,63,64,MYG,False,ok
asfp499,62,63,64,QYG,False,ok
asred2,62,63,64,MYG,False,ok
asulcp,62,63,64,MYG,False,ok
atenfp,56,57,58,QYG,False,ok
avgfp,64,65,66,SYG,False,ok
avgfp454,64,65,66,SYA,False,ok
avgfp480,64,65,66,GYG,False,ok
avicfp1,64,65,66,CYG,False,ok
avicfp2,64,65,66,AYG,False,ok
avicfp3,64,65,66,AYG,False,ok
avicfp4,64,65,66,TYG,False,ok
azaleab5,67,68,69,MYG,False,ok
azamigreen,61,62,63,QYG,False,ok
azamired10,62,63,64,MYG,False,ok
azurite,64,65,66,SHG,False,ok
bdfp16,39,40,-1,SL-,True,gap_at_chromophore
bdfp18,-1,-1,37,--A,True,gap_at_chromophore
bdfp20,70,71,72,MYG,False,ok
bflogfpa1,57,58,59,GYG,False,ok
bflogfpc1,55,56,57,GYG,False,ok
bfp,64,65,66,SHG,False,ok
bfp5,64,65,66,SHG,False,ok
bfpa5,64,65,66,SHG,False,ok
bfpsol,65,66,67,THG,False,ok
blue102,65,66,67,LYG,False,ok
bluebonnet2,63,64,65,LYG,False,ok
bp02,-1,-1,-1,---,False,gap_at_chromophore
br1,-1,-1,-1,---,True,gap_at_chromophore
bruslee,65,66,67,GYG,False,ok
bsdronpa,61,62,63,CYG,False,ok
c3pa-gfp,65,66,67,SYG,False,ok
cagfbfp,-1,-1,-1,---,True,gap_at_chromophore
car-geco1,188,189,190,MYG,False,ok
ccalgfp1,65,66,67,TYG,False,ok
ccalgfp3,65,66,67,TYG,False,ok
ccalofp1,65,66,67,TYG,False,ok
ccalrfp1,65,66,67,TYG,False,ok
ccalyfp1,65,66,67,CYG,False,ok
ccgfp-e6,65,66,67,TYG,False,ok
cegfp,165,166,167,GYG,False,ok
cerfp505,61,62,63,QYG,False,ok
cerulean,65,66,67,TWG,False,ok
cfp,64,65,66,SWG,False,ok
cfp4,64,65,66,AWG,False,ok
cfp484,103,104,105,QYG,False,ok
cfsgfp2,65,66,67,TYG,False,ok
cgfmkate2,63,64,65,MYG,False,ok
cgfp,64,65,66,TWG,False,ok
cgftagrfp,62,63,64,MYG,False,ok
cgigcp,62,63,64,AYG,False,ok
cgiggfp,62,63,64,QYG,False,ok
cgp,61,62,63,QYG,False,ok
chegfp1,65,66,67,AYG,False,ok
chegfp2,69,70,71,SYG,False,ok
chegfp3,69,70,71,QYG,False,ok
chegfp4,69,70,71,QYG,False,ok
citrine,65,66,67,GYG,False,ok
citrine2,65,66,67,GYG,False,ok
cjblue,62,63,64,QYG,False,ok
cjblue2,62,63,64,QYG,False,ok
cjfp510,62,63,64,AYG,False,ok
clomeleon,65,66,67,GYG,False,ok
clover,65,66,67,GYG,False,ok
clover15,65,66,67,GYG,False,ok
cpascp,62,63,64,AYG,False,ok
cpcitrine,67,68,69,GYG,False,ok
cp-mkate,132,133,134,MYG,False,ok
cpygfp,54,55,56,GYG,False,ok
creilov,-1,-1,-1,---,True,gap_at_chromophore
crimson,66,67,68,MYG,False,ok
crispred2s,66,67,68,MYG,False,ok
cu17s,56,57,58,GYG,False,ok
cyofp1,66,67,68,MYG,False,ok
cypet,65,66,67,TWG,False,ok
cyrfp1,66,67,68,MYG,False,ok
d10,65,66,67,TWG,False,ok
d1eosfp,61,62,63,HYG,False,ok
d2eosfp,61,62,63,HYG,False,ok
darkvenus,65,66,67,GYG,False,ok
dclavgr16,70,71,72,HYG,False,ok
dclover2,65,66,67,GYG,False,ok
dclover2-a206k,65,66,67,GYG,False,ok
dcyofp2s,66,67,68,MYG,False,ok
dcyrfp2s,66,67,68,MYG,False,ok
degfp1,64,65,66,TYG,False,ok
degfp2,64,65,66,TYG,False,ok
degfp3,64,65,66,TYG,False,ok
degfp4,64,65,66,TYG,False,ok
dendfp,61,62,63,HYG,False,ok
dendra,61,62,63,HYG,False,ok
dendra2,66,67,68,HYG,False,ok
dendra2-m159a,66,67,68,HYG,False,ok
dendra2-t69a,66,67,68,HYG,False,ok
dfgfp,63,64,65,QYG,False,ok
dhorgfp,67,68,69,QYG,False,ok
dhorrfp,67,68,69,CYG,False,ok
dimer1,66,67,68,QYG,False,ok
dimer2,66,67,68,QYG,False,ok
dimvenus,65,66,67,GYG,False,ok
diogenes,63,64,65,MYG,False,ok
dis2rfp,65,66,67,QYG,False,ok
dis3gfp,61,62,63,QYG,False,ok
dkeima,62,63,64,QYG,False,ok
dkeima570,62,63,64,CYG,False,ok
dlanyfp,67,68,69,GYG,False,ok
dpapaya01,70,71,72,KYG,False,ok
drcbd,-1,-1,-1,---,True,gap_at_chromophore
dreiklang,65,66,67,GYG,False,ok
d-rfp618,62,63,64,MYG,False,ok
dronpa,61,62,63,CYG,False,ok
dronpa-2,61,62,63,CYG,False,ok
dronpa-3,61,62,63,CYG,False,ok
dronpa-c62s,61,62,63,SYG,False,ok
dsfp483,65,66,67,QYG,False,ok
dspr1,65,66,67,QYG,False,ok
dsred,65,66,67,QYG,False,ok
dsred2,65,66,67,QYG,False,ok
dsred-express,65,66,67,QYG,False,ok
dsred-express2,65,66,67,QYG,False,ok
dsredm1,65,66,67,QYG,False,ok
dsred-max,65,66,67,MYG,False,ok
dsred-nf,65,66,67,QYG,False,ok
dsredt3,65,66,67,QYG,False,ok
dsredt4,65,66,67,QYG,False,ok
dsred-timer,65,66,67,QYG,False,ok
dstc1,65,66,67,QYG,False,ok
dtfp01,70,71,72,QYG,False,ok
dtfp02,70,71,72,QYG,False,ok
dtomato,66,67,68,MYG,False,ok
dultramarine2,61,62,63,QYG,False,ok
dvfp,61,62,63,QYG,False,ok
e2-crimson,65,66,67,FYG,False,ok
e2-crimson-nf,65,66,67,FYG,False,ok
e2-orange,65,66,67,TYG,False,ok
e2-redgreen,65,66,67,QYG,False,ok
eagfp,61,62,63,QYG,False,ok
ebfp,65,66,67,THG,False,ok
ebfp12,65,66,67,SHG,False,ok
ebfp15,65,66,67,SHG,False,ok
ebfp2,65,66,67,SHG,False,ok
ecfp,65,66,67,TWG,False,ok
ecfp-h148d,65,66,67,TWG,False,ok
ecgfp,65,66,67,TWG,False,ok
ecgp123,61,62,63,QYG,False,ok
echfp,61,62,63,DYG,False,ok
echifp,62,63,64,QYG,False,ok
eechgfp1,61,62,63,NYG,False,ok
eechgfp2,61,62,63,NYG,False,ok
eechgfp3,61,62,63,KYG,False,ok
eechrfp,61,62,63,HYG,False,ok
efascfp,64,65,66,AYG,False,ok
efasgfp,67,68,69,CYG,False,ok
eforcp,61,62,63,MYG,False,ok
egfp,65,66,67,TYG,False,ok
egfp203c,64,65,66,TYG,False,ok
egfp205c,64,65,66,TYG,False,ok
electra1,66,67,68,LFG,False,ok
electra2,66,67,68,LFG,False,ok
emerald,65,66,67,TYG,False,ok
emirfp670,-1,-1,-1,---,True,gap_at_chromophore
emirfp703,-1,-1,-1,---,True,gap_at_chromophore
enhanced-cyan-emitting-gfp,64,65,66,TWG,False,ok
eosfp,61,62,63,HYG,False,ok
eqfp578,62,63,64,MYG,False,ok
eqfp611,62,63,64,MYG,False,ok
eqfp611-v124t,62,63,64,MYG,False,ok
eqfp650,65,66,67,MYG,False,ok
eqfp670,65,66,67,MYG,False,ok
esgfp,64,65,66,GYG,False,ok
eunag,-1,-1,17,--G,True,gap_at_chromophore
eyfp,65,66,67,GYG,False,ok
eyfp-f46l,65,66,67,GYG,False,ok
eyfp-q69k,65,66,67,GYG,False,ok
eygfp,54,55,56,GYG,False,ok
eygfpuv,54,55,56,GYG,False,ok
eygpdp,54,55,56,GYG,False,ok
fabdgfp,61,62,63,NYG,False,ok
fast,-1,-1,73,--E,False,gap_at_chromophore
fast-ft,70,71,72,MYG,False,ok
fcfp,61,62,63,EYG,False,ok
fcomfp,96,97,98,QYG,False,ok
ffdronpa,61,62,63,CYG,False,ok
fold6,65,66,67,GYG,False,ok
folding-reporter-gfp,64,65,66,TYG,False,ok
fp586,65,66,67,QYG,False,ok
fpaagar,72,73,74,MYG,False,ok
fpag_frag,94,95,96,MYG,False,ok
fpcondchrom,62,63,64,AYG,False,ok
fpmcavgr77,68,69,70,DYG,False,ok
fprfl23,61,62,63,QYG,False,ok
fr-1,63,64,65,MYG,False,ok
free-use-gfp,65,66,67,SYG,False,ok
frfast,-1,-1,73,--G,False,gap_at_chromophore
frskylan-s,62,63,64,SYG,False,ok
fusionred,63,64,65,MYG,False,ok
fusionred-m,63,64,65,MYG,False,ok
fusionred-mqv,63,64,65,MYG,False,ok
fwyellow,67,68,69,TYG,False,ok
g1,70,71,72,AYG,False,ok
g2,70,71,72,AYG,False,ok
g3,70,71,72,AYG,False,ok
g3gfp,64,65,66,AYG,False,ok
gamillus,69,70,71,QYG,False,ok
gamillus01,63,64,65,QYG,False,ok
gamillus02,63,64,65,QYG,False,ok
gamillus03,63,64,65,QYG,False,ok
gamillus04,63,64,65,QYG,False,ok
gamillus05,63,64,65,QYG,False,ok
gcamp2,222,223,224,GYG,False,ok
gdjicp,61,62,63,QYG,False,ok
gdt,66,67,68,MYG,False,ok
gfascp,61,62,63,QYG,False,ok
gfasgfp,61,62,63,QYG,False,ok
gfp-151pytyrcu,64,65,66,SYG,False,ok
gfpe222g,64,65,66,SYG,False,ok
gfphal,65,66,67,AAG,False,ok
gfpmut2,64,65,66,AYG,False,ok
gfpmut3,64,65,66,GYG,False,ok
gfp-s65t,64,65,66,TYG,False,ok
gfp-tyr151pyz,64,65,66,SYG,False,ok
gfpxm16,64,65,66,GYG,False,ok
gfpxm161,64,65,66,GYG,False,ok
gfpxm162,64,65,66,GYG,False,ok
gfpxm163,64,65,66,GYG,False,ok
gfpxm18,64,65,66,AYG,False,ok
gfpxm181uv,64,65,66,SYG,False,ok
gfpxm18uv,64,65,66,GYG,False,ok
gfpxm19,64,65,66,SYG,False,ok
gfpxm191uv,64,65,66,SYG,False,ok
gfpxm19uv,64,65,66,SYG,False,ok
ggvt,66,67,68,MYG,False,ok
grvt,66,67,68,MYG,False,ok
gtencp,61,62,63,QYG,False,ok
h2-3,65,66,67,QYG,False,ok
h9,64,65,66,SYG,False,ok
hcred,62,63,64,EYG,False,ok
hcred1-blue,62,63,64,HYG,False,ok
hcred7,62,63,64,EYG,False,ok
hcred-tandem,66,67,68,AYG,False,ok
hcricp,62,63,64,EYG,False,ok
hcrigfp,62,63,64,RYG,False,ok
hfrifp,64,65,66,GYG,False,ok
hmgfp,62,63,64,QYG,False,ok
hmkeima85,62,63,64,QYG,False,ok
hricfp,-1,-1,-1,---,False,gap_at_chromophore
hrigfp,-1,-1,-1,---,False,gap_at_chromophore
htfunclib_acid1,74,75,76,SYG,False,ok
htfunclib_acid2,74,75,76,SYG,False,ok
htfunclib_acid3,74,75,76,SYG,False,ok
htfunclib_acid4,74,75,76,TYG,False,ok
htfunclib_acid5,74,75,76,TYG,False,ok
htfunclib_acid6,74,75,76,TYG,False,ok
htfunclib_basic1,74,75,76,SYG,False,ok
htfunclib_basic2,74,75,76,TYG,False,ok
htfunclib_basic3,74,75,76,SYG,False,ok
htfunclib_basic4,74,75,76,SYG,False,ok
htfunclib_basic6,74,75,76,SYG,False,ok
htfunclib_bleach1,74,75,76,TYG,False,ok
htfunclib_bleach2,74,75,76,SYG,False,ok
htfunclib_bleach3,74,75,76,TYG,False,ok
htfunclib_bleach4,74,75,76,TYG,False,ok
htfunclib_bleach5,74,75,76,SYG,False,ok
htfunclib_bleach6,74,75,76,TYG,False,ok
htfunclib_em-blue-shift1,74,75,76,SYG,False,ok
htfunclib_em-blue-shift2,74,75,76,SYG,False,ok
htfunclib_fast1,74,75,76,SYG,False,ok
htfunclib_fast2,74,75,76,TYG,False,ok
htfunclib_fast3,74,75,76,SYG,False,ok
htfunclib_fast4,74,75,76,SYG,False,ok
htfunclib_mid10,74,75,76,TYG,False,ok
htfunclib_mid11,74,75,76,TYG,False,ok
htfunclib_mid12,74,75,76,SYG,False,ok
htfunclib_mid13,74,75,76,TYG,False,ok
htfunclib_mid2,74,75,76,TYG,False,ok
htfunclib_mid3,74,75,76,TYG,False,ok
htfunclib_mid4,74,75,76,TYG,False,ok
htfunclib_mid5,74,75,76,TYG,False,ok
htfunclib_mid6,74,75,76,TYG,False,ok
htfunclib_mid7,74,75,76,TYG,False,ok
htfunclib_mid8,74,75,76,TYG,False,ok
htfunclib_mid9,74,75,76,TYG,False,ok
htfunclib_photostable1,74,75,76,SYG,False,ok
htfunclib_photostable2,74,75,76,TYG,False,ok
htfunclib_sfacid3,74,75,76,SYG,False,ok
htfunclib_sfacid4,74,75,76,TYG,False,ok
htfunclib_sfacid5,74,75,76,TYG,False,ok
htfunclib_sfbleach1,74,75,76,TYG,False,ok
htfunclib_sfbleach2,74,75,76,SYG,False,ok
htfunclib_sfbleach3,74,75,76,TYG,False,ok
htfunclib_sfem-blue-shift1,74,75,76,SYG,False,ok
htfunclib_sfem-blue-shift2,74,75,76,SYG,False,ok
htfunclib_sffast3,74,75,76,SYG,False,ok
htfunclib_sfmid10,74,75,76,TYG,False,ok
htfunclib_sfmid11,74,75,76,TYG,False,ok
htfunclib_sfmid12,74,75,76,SYG,False,ok
htfunclib_sfmid5,74,75,76,TYG,False,ok
htfunclib_sfmid7,74,75,76,TYG,False,ok
htfunclib_sfmid9,74,75,76,TYG,False,ok
htfunclib_sfphotostable1,74,75,76,SYG,False,ok
htfunclib_sfphotostable2,74,75,76,TYG,False,ok
htfunclib_sfthermo2,74,75,76,TYG,False,ok
htfunclib_sfthermo9,74,75,76,TYG,False,ok
htfunclib_slow1,74,75,76,TYG,False,ok
htfunclib_slow2,74,75,76,TYG,False,ok
htfunclib_slow3,74,75,76,TYG,False,ok
htfunclib_slow4,74,75,76,TYG,False,ok
htfunclib_slow5,74,75,76,SYG,False,ok
htfunclib_thermo1,74,75,76,TYG,False,ok
htfunclib_thermo2,74,75,76,TYG,False,ok
htfunclib_thermo3,74,75,76,TYG,False,ok
htfunclib_thermo4,74,75,76,TYG,False,ok
htfunclib_thermo5,74,75,76,SYG,False,ok
htfunclib_thermo6,74,75,76,SYG,False,ok
htfunclib_thermo8,74,75,76,SYG,False,ok
htfunclib_thermo9,74,75,76,TYG,False,ok
hyperfolder-yfp,65,66,67,GYG,False,ok
ifp14,-1,-1,-1,---,True,gap_at_chromophore
ifp20,-1,-1,-1,---,False,gap_at_chromophore
ilov,-1,-1,-1,---,False,gap_at_chromophore
iq-memerald,65,66,67,TYG,False,ok
irfp670,-1,-1,88,--G,True,gap_at_chromophore
irfp682,-1,-1,95,--T,True,gap_at_chromophore
irfp702,-1,-1,88,--G,True,gap_at_chromophore
irfp713,-1,-1,95,--T,True,gap_at_chromophore
irfp713v256c,-1,-1,95,--T,True,gap_at_chromophore
irfp720,-1,-1,95,--T,True,gap_at_chromophore
irisfp,61,62,63,HYG,False,ok
irisfp-m159a,61,62,63,HYG,False,ok
jred,69,70,71,QYG,False,ok
kaede,61,62,63,HYG,False,ok
katushka,62,63,64,MYG,False,ok
katushka2s,66,67,68,MYG,False,ok
katushka-9-5,65,66,67,MYG,False,ok
kcy,61,62,63,SYG,False,ok
kcy-g4219,61,62,63,SYG,False,ok
kcy-g4219-38l,61,62,63,SYG,False,ok
kcy-r1,65,66,67,SYG,False,ok
kcy-r1-158a,65,66,67,SYG,False,ok
kcy-r1-38h,65,66,67,SYG,False,ok
kcy-r1-38l,65,66,67,SYG,False,ok
kfp1,62,63,64,MYG,False,ok
kikg,61,62,63,DYG,False,ok
kikgr1,61,62,63,HYG,False,ok
killerorange,64,65,66,QWG,False,ok
killerred,64,65,66,QYG,False,ok
ko,63,64,65,CYG,False,ok
kofp-7,-1,-1,-1,---,True,gap_at_chromophore
kohinoor,61,62,63,CYG,False,ok
kohinoor20,61,62,63,CYG,False,ok
laesgfp,56,57,58,GYG,False,ok
lagfp,65,66,67,GYG,False,ok
lanfp1,57,58,59,GYG,False,ok
lanfp2,57,58,59,GYG,False,ok
lanrfp-deltas83l,57,58,59,GYG,False,ok
lanyfp,57,58,59,GYG,False,ok
larfp,65,66,67,GYG,False,ok
lea,61,62,63,HYG,False,ok
lime,65,66,67,TYG,False,ok
lssa12,65,66,67,SYG,False,ok
lssmapple,70,71,72,MYG,False,ok
lssmcherry1,70,71,72,MYG,False,ok
lssmgfp,65,66,67,SYG,False,ok
lss-mkate1,62,63,64,MYG,False,ok
lss-mkate2,62,63,64,MYG,False,ok
lssmorange,70,71,72,TYG,False,ok
lssmscarlet,66,67,68,MYG,False,ok
lssmscarlet2,66,67,68,MYG,False,ok
lssmscarlet3,66,67,68,MYG,False,ok
lucy,101,102,-1,GY-,True,gap_at_chromophore
lumazine-binding-protein,70,71,77,TFG,True,ok
m355na,62,63,64,MYG,False,ok
mametrine,65,66,67,SYG,False,ok
mapple,70,71,72,MYG,False,ok
maroon01,66,67,68,MYG,False,ok
mars1,62,63,64,MYG,False,ok
mavicfp1,64,65,66,CYG,False,ok
mazamigreen,61,62,63,QYG,False,ok
mbanana,70,71,72,CYG,False,ok
mbaojin,65,66,67,GYG,False,ok
mbaojin-t55s,65,66,67,GYG,False,ok
mberfp,66,67,68,MYG,False,ok
mblueberry1,70,71,72,LFG,False,ok
mblueberry2,70,71,72,LFG,False,ok
mc1,61,62,63,HYG,False,ok
mc2,61,62,63,DYG,False,ok
mc3,68,69,70,DYG,False,ok
mc4,61,62,63,DYG,False,ok
mc5,61,62,63,QYG,False,ok
mc6,61,62,63,QYG,False,ok
mcag1,61,62,63,DYG,False,ok
mcag1ea,61,62,63,DYG,False,ok
mcag2,61,62,63,QYG,False,ok
mcardinal,66,67,68,MYG,False,ok
mcarmine,66,67,68,MYG,False,ok
mcavfp,61,62,63,QYG,False,ok
mcavgfp,68,69,70,DYG,False,ok
mcavrfp,61,62,63,HYG,False,ok
mccfp,61,62,63,QYG,False,ok
mcerulean,65,66,67,TWG,False,ok
mcerulean2,65,66,67,TWG,False,ok
mcerulean2d3,65,66,67,TWG,False,ok
mcerulean2n,65,66,67,TWG,False,ok
mcerulean2nt65s,65,66,67,SWG,False,ok
mcerulean3,65,66,67,SWG,False,ok
mceruleanb,65,66,67,TWG,False,ok
mceruleanb2,65,66,67,TWG,False,ok
mceruleanb24,65,66,67,TWG,False,ok
mcfp497,61,62,63,QYG,False,ok
mcfp503,61,62,63,QYG,False,ok
mcfp506,61,62,63,QYG,False,ok
mchartreuse,64,65,66,TYG,False,ok
mcherry,70,71,72,MYG,False,ok
mcherry15,70,71,72,MYG,False,ok
mcherry2,70,71,72,MYG,False,ok
mcherry_i202t,70,71,72,MYG,False,ok
mcherry_i202y,70,71,72,MYG,False,ok
mcherry_m10l,70,71,72,MYG,False,ok
mcherry-xl,70,71,72,MYG,False,ok
mcitrine,65,66,67,GYG,False,ok
mclavgr1,70,71,72,HYG,False,ok
mclavgr11,70,71,72,HYG,False,ok
mclavgr18,70,71,72,HYG,False,ok
mclavgr2,70,71,72,HYG,False,ok
mclover15,65,66,67,GYG,False,ok
mclover3,65,66,67,GYG,False,ok
mcrfp,61,62,63,HYG,False,ok
mcrispred,66,67,68,MYG,False,ok
mcyrfp1,66,67,68,MYG,False,ok
mecfp,65,66,67,TWG,False,ok
medium-ft,70,71,72,MYG,False,ok
meffcfp,65,66,67,QYG,False,ok
meffcp,61,62,63,QYG,False,ok
meffgfp,65,66,67,LYG,False,ok
meffrfp,66,67,68,DYG,False,ok
megfp,65,66,67,TYG,False,ok
melecfp,61,62,63,QYG,False,ok
melerfp,61,62,63,HYG,False,ok
memerald,65,66,67,TYG,False,ok
meos2,61,62,63,HYG,False,ok
meos2-a69t,61,62,63,HYG,False,ok
meos2-na,61,62,63,HYG,False,ok
meos31,61,62,63,HYG,False,ok
meos32,61,62,63,HYG,False,ok
meos4a,62,63,64,HYG,False,ok
meos4b,62,63,64,HYG,False,ok
meos4b-l93m,62,63,64,HYG,False,ok
meos4fast1,62,63,64,HYG,False,ok
meos4fast2,62,63,64,HYG,False,ok
meosem,62,63,64,HYG,False,ok
meosfp,61,62,63,HYG,False,ok
meosfp-f173s,61,62,63,HYG,False,ok
meosfp-m159a,61,62,63,HYG,False,ok
merufp,61,62,63,QYG,False,ok
meyfp,65,66,67,GYG,False,ok
mfag1,61,62,63,DYG,False,ok
mgarnet,62,63,64,MYG,False,ok
mgarnet2,62,63,64,MYG,False,ok
mgeos-c,61,62,63,CYG,False,ok
mgeos-e,61,62,63,EYG,False,ok
mgeos-f,61,62,63,FYG,False,ok
mgeos-l,61,62,63,LYG,False,ok
mgeos-m,61,62,63,MYG,False,ok
mgeos-s,61,62,63,SYG,False,ok
mgfp5,64,65,66,SYG,False,ok
mgfpmut3,64,65,66,GYG,False,ok
mginger1,60,61,62,EYG,False,ok
mginger2,60,61,62,EYG,False,ok
mgold,65,66,67,GYG,False,ok
mgold2s,65,66,67,GYG,False,ok
mgold2t,65,66,67,GYG,False,ok
mgrape1,65,66,67,MYG,False,ok
mgrape2,70,71,72,MYG,False,ok
mgrape3,70,71,72,MYG,False,ok
mgreenlantern,65,66,67,GYG,False,ok
mhoneydew,65,66,67,MWG,False,ok
micy,68,69,70,QYG,False,ok
mifp,-1,-1,-1,---,True,gap_at_chromophore
minigfp1,-1,-1,-1,---,True,gap_at_chromophore
minigfp2,-1,-1,-1,---,True,gap_at_chromophore
minisog,-1,-1,-1,---,True,gap_at_chromophore
minisog2,-1,-1,-1,---,True,gap_at_chromophore
minisog-q103v,-1,-1,-1,---,True,gap_at_chromophore
mirfp,-1,-1,-1,---,True,gap_at_chromophore
mirfp2,-1,-1,-1,---,True,gap_at_chromophore
mirfp670,-1,-1,-1,---,True,gap_at_chromophore
mirfp670-2,-1,-1,88,--G,True,gap_at_chromophore
mirfp670nano,83,84,85,TEC,True,ok
mirfp670nano3,83,84,85,VEC,True,ok
mirfp670v1,-1,-1,-1,---,True,gap_at_chromophore
mirfp680,-1,-1,95,--T,True,gap_at_chromophore
mirfp682,-1,-1,95,--T,True,gap_at_chromophore
mirfp702,-1,-1,88,--G,True,gap_at_chromophore
mirfp703,-1,-1,-1,---,True,gap_at_chromophore
mirfp709,-1,-1,-1,---,True,gap_at_chromophore
mirfp713,-1,-1,95,--T,True,gap_at_chromophore
mirfp720,-1,-1,95,--T,True,gap_at_chromophore
mirisfp,61,62,63,HYG,False,ok
mjuniper,64,65,66,TWG,False,ok
mkalama1,65,66,67,SYG,False,ok
mkate,62,63,64,MYG,False,ok
mkate2,63,64,65,MYG,False,ok
mkate25,63,64,65,MYG,False,ok
mkate-m41g-s158c,62,63,64,MYG,False,ok
mkate-s158a,62,63,64,MYG,False,ok
mkate-s158c,62,63,64,MYG,False,ok
mkeima,62,63,64,QYG,False,ok
mkelly1,61,62,63,MYG,False,ok
mkelly2,61,62,63,MYG,False,ok
mkg,64,65,66,AYG,False,ok
mk-go,64,65,66,CYG,False,ok
mkikgr,61,62,63,HYG,False,ok
mkillerorange,64,65,66,QWG,False,ok
mko,64,65,66,CYG,False,ok
mko2,64,65,66,CYG,False,ok
mkokappa,64,65,66,CYG,False,ok
mlemon,64,65,66,GYG,False,ok
mlumin,62,63,64,MYG,False,ok
mlychee,65,66,67,MYG,False,ok
mmaple,70,71,72,HYG,False,ok
mmaple2,70,71,72,HYG,False,ok
mmaple3,70,71,72,HYG,False,ok
mmaroon1,66,67,68,MYG,False,ok
mmgfp,59,60,61,TYG,False,ok
mmgfp6,64,65,66,TYG,False,ok
mmicy,68,69,70,QYG,False,ok
mmilcfp,60,61,62,QYG,False,ok
mnectarine,70,71,72,CYG,False,ok
mneongreen,67,68,69,GYG,False,ok
mneptune,66,67,68,MYG,False,ok
mneptune2,66,67,68,MYG,False,ok
mneptune25,66,67,68,MYG,False,ok
mneptune681,66,67,68,MYG,False,ok
mneptune684,66,67,68,MYG,False,ok
mofpt12,70,71,72,TYG,False,ok
mofpt8,70,71,72,TYG,False,ok
monomeric-hyperfolder-yfp,65,66,67,GYG,False,ok
montfp,54,55,56,QYG,False,ok
montipora-sp-20,61,62,63,QYG,False,ok
montipora-sp-20-9115,62,63,64,QYG,False,ok
morange,70,71,72,TYG,False,ok
morange2,70,71,72,TYG,False,ok
moxbfp,65,66,67,SHG,False,ok
moxcerulean3,65,66,67,SWG,False,ok
moxdendra2,66,67,68,HYG,False,ok
moxeos32,62,63,64,HYG,False,ok
moxgfp,65,66,67,TYG,False,ok
moxmaple3,70,71,72,HYG,False,ok
moxneongreen,67,68,69,GYG,False,ok
moxvenus,65,66,67,GYG,False,ok
mpa-gfp,65,66,67,SYG,False,ok
mpapaya,70,71,72,KYG,False,ok
mpapaya03,70,71,72,KYG,False,ok
mpapaya06,70,71,72,KYG,False,ok
mpapaya07,70,71,72,KYG,False,ok
mplum,66,67,68,MYG,False,ok
mplum-e16p,66,67,68,MYG,False,ok
mraspberry,66,67,68,MYG,False,ok
mred7,66,67,68,MYG,False,ok
mred7q1,66,67,68,MYG,False,ok
mred7q1s1,66,67,68,MYG,False,ok
mred7q1s1bm,66,67,68,MYG,False,ok
mrfp1,65,66,67,QYG,False,ok
mrfp11,65,66,67,MYG,False,ok
mrfp12,66,67,68,MYG,False,ok
mrfp13,70,71,72,MYG,False,ok
mrfp14,70,71,72,MYG,False,ok
mrfp15,70,71,72,MYG,False,ok
mrfp1_magenta,65,66,67,MYG,False,ok
mrfp1_pink,65,66,67,TYG,False,ok
mrfp1-q66c,65,66,67,CYG,False,ok
mrfp1-q66s,65,66,67,SYG,False,ok
mrfp1-q66t,65,66,67,TYG,False,ok
mrfp1_violet,65,66,67,MYG,False,ok
mrfp1_yellow,65,66,67,LYG,False,ok
mrhubarb713,-1,-1,95,--T,True,gap_at_chromophore
mrhubarb719,-1,-1,95,--T,True,gap_at_chromophore
mrhubarb720,-1,-1,95,--T,True,gap_at_chromophore
mrojoa,70,71,72,MYG,False,ok
mrojob,70,71,72,MYG,False,ok
mrouge,70,71,72,MYG,False,ok
mrtms5,61,62,63,QYG,False,ok
mruby,62,63,64,MYG,False,ok
mruby2,66,67,68,MYG,False,ok
mruby3,66,67,68,MYG,False,ok
mrubyft,66,67,68,LYG,False,ok
msandy2,61,62,63,MYG,False,ok
mscarlet,66,67,68,MYG,False,ok
mscarlet-220a,66,67,68,MYG,False,ok
mscarlet-2a,66,67,68,MYG,False,ok
mscarlet-2a-84w,66,67,68,MYG,False,ok
mscarlet2-i,65,66,67,MYG,False,ok
mscarlet3,65,66,67,MYG,False,ok
mscarlet3-h,65,66,67,MYG,False,ok
mscarlet3-s2,65,66,67,QYG,False,ok
mscarlet-h,66,67,68,MYG,False,ok
mscarlet-i,66,67,68,MYG,False,ok
mscarlet-i-220a,66,67,68,MYG,False,ok
mscarlet-i3,65,66,67,MYG,False,ok
mscarlet-i3-ncwt,66,67,68,MYG,False,ok
msgfp2,64,65,66,TYG,False,ok
mstable,63,64,65,MYG,False,ok
mstaygold,65,66,67,GYG,False,ok
mstaygold2,65,66,67,GYG,False,ok
mstrawberry,70,71,72,TYG,False,ok
mtagbfp2,66,67,68,LYG,False,ok
mtangerine,65,66,67,CYG,False,ok
mtfp,62,63,64,AYG,False,ok
mtfp03,70,71,72,QYG,False,ok
mtfp04,70,71,72,CYG,False,ok
mtfp05,70,71,72,GYG,False,ok
mtfp06,70,71,72,AYG,False,ok
mtfp07,70,71,72,AYG,False,ok
mtfp08,70,71,72,AYG,False,ok
mtfp09,70,71,72,AYG,False,ok
mtfp1,70,71,72,AYG,False,ok
mtfp1-y67h,70,71,72,AHG,False,ok
mtfp1-y67w,70,71,72,AWG,False,ok
mt-sapphire,65,66,67,SYG,False,ok
mturquoise,65,66,67,SWG,False,ok
mturquoise-146g,65,66,67,SWG,False,ok
mturquoise-146s,65,66,67,SWG,False,ok
mturquoise2,65,66,67,SWG,False,ok
mturquoise2-1710,65,66,67,SWG,False,ok
mturquoise2-g,65,66,67,SWG,False,ok
mturquoise2_t203y,64,65,66,SWG,False,ok
mturquoise-dr,65,66,67,SWG,False,ok
mturquoise-gl,65,66,67,SWG,False,ok
mturquoise-gv,65,66,67,SWG,False,ok
mturquoise-ra,65,66,67,SWG,False,ok
mugfp,64,65,66,TYG,False,ok
mukg,61,62,63,QYG,False,ok
m-velour-537,59,60,61,QYG,False,ok
m-velour-553,59,60,61,QYG,False,ok
m-velour-554,59,60,61,QYG,False,ok
mvenus,65,66,67,GYG,False,ok
mvenus-q69m,65,66,67,GYG,False,ok
mvermilion,66,67,68,MYG,False,ok
mvfp,61,62,63,QYG,False,ok
mvfp1,61,62,63,QYG,False,ok
mwasabi,70,71,72,SYG,False,ok
mwatermelon,66,67,68,GYG,False,ok
n1oxstaygold,65,66,67,GYG,False,ok
nanoluc,108,109,-1,ID-,False,gap_at_chromophore
neptune,66,67,68,MYG,False,ok
nijifp,66,67,68,HYG,False,ok
nirfast-hpar-35dom,-1,-1,73,--G,False,gap_at_chromophore
nowgfp,65,66,67,TWG,False,ok
npr3784g,83,84,85,TEC,False,ok
nu,65,66,67,GYG,False,ok
obecfp,65,66,67,SYG,False,ok
obegfp,65,66,67,CYG,False,ok
obeyfp,65,66,67,CYG,False,ok
ofcp,59,60,61,QYG,False,ok
ofp,60,61,62,QYG,False,ok
ofpxm,64,65,66,GYG,False,ok
o-velour,59,60,61,QYG,False,ok
oxbfp,65,66,67,SHG,False,ok
oxgfp,65,66,67,TYG,False,ok
oxstaygold,56,57,58,GYG,False,ok
oxvenus,65,66,67,GYG,False,ok
p11,64,65,66,SYG,False,ok
p4,64,65,66,SHG,False,ok
p4-1,64,65,66,TYG,False,ok
p4-3e,64,65,66,SHG,False,ok
p9,64,65,66,SYG,False,ok
padron,61,62,63,CYG,False,ok
padron09,61,62,63,CYG,False,ok
padron2,61,62,63,CYG,False,ok
padronstar,61,62,63,CYG,False,ok
pa-gfp,65,66,67,SYG,False,ok
pamcherry1,70,71,72,MYG,False,ok
pamcherry2,70,71,72,MYG,False,ok
pamcherry3,70,71,72,MYG,False,ok
pamkate,62,63,64,MYG,False,ok
patagrfp,62,63,64,MYG,False,ok
patagrfp1297,62,63,64,MYG,False,ok
patagrfp1314,62,63,64,MYG,False,ok
pcdronpa,61,62,63,HYG,False,ok
pcdronpa2,61,62,63,HYG,False,ok
pcstar,61,62,63,HYG,False,ok
pdac1,65,66,67,KYG,False,ok
pdae1gfp,56,57,58,GYG,False,ok
pdm1-4,61,62,63,CYG,False,ok
pfast,-1,-1,73,--E,False,gap_at_chromophore
phanta,61,62,63,MYG,False,ok
philov21,-1,-1,-1,---,True,gap_at_chromophore
philov3,-1,-1,-1,---,True,gap_at_chromophore
phiyfp,64,65,66,TYG,False,ok
phiyfpv,64,65,66,TYG,False,ok
phluorin2,64,65,66,SYG,False,ok
phluorin4,65,66,67,SYG,False,ok
phluorin-ecliptic,64,65,66,SYG,False,ok
phluorin-ratiometric,64,65,66,SYG,False,ok
phmscarlet,66,67,68,MYG,False,ok
ph-tdgfp,64,65,66,TYG,False,ok
phuji,70,71,72,MYG,False,ok
plamgfp,64,65,66,EYG,False,ok
plobrfp,66,67,68,MYG,False,ok
pmeagfp1,56,57,58,GYG,False,ok
pmeagfp2,56,57,58,GYG,False,ok
pmimgfp1,56,57,58,GYG,False,ok
pmimgfp2,56,57,58,GYG,False,ok
pp2-fbfp,-1,-1,-1,---,True,gap_at_chromophore
pp2fbfp-l30m,-1,-1,-1,---,True,gap_at_chromophore
pplugfp1,56,57,58,GYG,False,ok
pplugfp2,56,57,58,GYG,False,ok
pporgfp,60,61,62,LYG,False,ok
pporrfp,66,67,68,MYG,False,ok
pross-egfp,74,75,76,TYG,False,ok
psamcfp,65,66,67,QYG,False,ok
ps-cfp,64,65,66,SYG,False,ok
ps-cfp2,64,65,66,SYG,False,ok
pslssmkate,62,63,64,MYG,False,ok
psmorange,70,71,72,TYG,False,ok
psmorange2,70,71,72,TYG,False,ok
psupfp,61,62,63,QYG,False,ok
ptilgfp,68,69,70,QYG,False,ok
q80r,64,65,66,SYG,False,ok
qc2-6,65,66,67,GYG,False,ok
r3-2pcb,-1,-1,24,--A,True,gap_at_chromophore
rcamp,213,214,215,MYG,False,ok
rdsmcherry01,70,71,72,MYG,False,ok
rdsmcherry02,70,71,72,MYG,False,ok
rdsmcherry05,70,71,72,MYG,False,ok
rdsmcherry1,70,71,72,MYG,False,ok
reach1,65,66,67,GYG,False,ok
reach2,65,66,67,GYG,False,ok
rflogfp,61,62,63,QYG,False,ok
rflogfp2,61,62,63,QYG,False,ok
rflorfp,61,62,63,HYG,False,ok
rfp611,62,63,64,MYG,False,ok
rfp618,62,63,64,MYG,False,ok
rfp630,62,63,64,MYG,False,ok
rfp637,62,63,64,MYG,False,ok
rfp639,62,63,64,MYG,False,ok
rogfp1,64,65,66,GYG,False,ok
rogfp1-r1,64,65,66,SYG,False,ok
rogfp1-r8,64,65,66,SYG,False,ok
rogfp2,64,65,66,TYG,False,ok
rosmarinus,61,62,63,QYG,False,ok
rpbphp1,-1,-1,-1,---,False,gap_at_chromophore
rpbphp2,-1,-1,95,--T,False,gap_at_chromophore
rpbphp6,-1,-1,88,--G,False,gap_at_chromophore
rrengfp,65,66,67,SYG,False,ok
rrgfp,65,66,67,GYG,False,ok
rrvt,66,67,68,MYG,False,ok
rscherry,70,71,72,MYG,False,ok
rscherryrev,70,71,72,MYG,False,ok
rscherryrev14,70,71,72,MYG,False,ok
rsegfp,65,66,67,TYG,False,ok
rsegfp2,65,66,67,AYG,False,ok
rsfastlime,61,62,63,CYG,False,ok
rsfolder,65,66,67,AYG,False,ok
rsfolder2,65,66,67,AYG,False,ok
rsfusionred1,63,64,65,MYG,False,ok
rsfusionred2,63,64,65,MYG,False,ok
rsfusionred3,63,64,65,MYG,False,ok
rsgfp1,64,65,66,SYG,False,ok
rsgfp2,64,65,66,LYG,False,ok
rsgfp3,64,65,66,CYG,False,ok
rsgfp4,64,65,66,GYG,False,ok
rsgfp6,64,65,66,AYG,False,ok
rsgfp7,64,65,66,CYG,False,ok
rsgreen1,65,66,67,TYG,False,ok
rskame,61,62,63,CYG,False,ok
rstagrfp,66,67,68,MYG,False,ok
rtms5,61,62,63,QYG,False,ok
r-velour,59,60,61,QYG,False,ok
saasoti,65,66,67,HYG,False,ok
sandercyanin,-1,26,-1,-Y-,True,gap_at_chromophore
sapphire,64,65,66,SYG,False,ok
sarcgfp,61,62,63,QYG,False,ok
sbfp1,65,66,67,SHG,False,ok
sbfp2,65,66,67,SHG,False,ok
scfp1,65,66,67,TWG,False,ok
scfp2,65,66,67,TWG,False,ok
scfp3a,65,66,67,TWG,False,ok
scfp3b,65,66,67,TWG,False,ok
sclefp1,61,62,63,DYG,False,ok
sclefp2,61,62,63,DYG,False,ok
scorange,61,62,63,MYG,False,ok
scubgfp1,65,66,67,QYG,False,ok
scubgfp2,67,68,69,QYG,False,ok
scubrfp,65,66,67,HYG,False,ok
secbfp2,63,64,65,LYG,False,ok
seyfp,65,66,67,GYG,False,ok
sfcherry,66,67,68,MYG,False,ok
sfcherry2,65,66,67,MYG,False,ok
sfcherry3c,66,67,68,MYG,False,ok
sforange,70,71,72,TYG,False,ok
sg11,65,66,67,SYG,False,ok
sg12,65,66,67,SYG,False,ok
sg25,65,66,67,CYG,False,ok
sg42,65,66,67,SHG,False,ok
sg50,65,66,67,SHG,False,ok
sgbp,61,62,63,QYG,False,ok
sgbp-q62m,61,62,63,MYG,False,ok
sgbp-s157c,61,62,63,QYG,False,ok
sgbp-s157t,61,62,63,QYG,False,ok
sgfp1,65,66,67,TYG,False,ok
sgfp2,65,66,67,TYG,False,ok
sgfp2206a,65,66,67,TYG,False,ok
sgfp2e222q,65,66,67,TYG,False,ok
sgfp2t65g,65,66,67,GYG,False,ok
sh3,-1,-1,-1,---,True,gap_at_chromophore
shadowg,65,66,67,GYG,False,ok
shadowr,70,71,72,QYG,False,ok
shadowy,65,66,67,GYG,False,ok
shardonnay,65,66,67,GYG,False,ok
shbfp,62,63,64,LLG,False,ok
shbfp-n158kl173i,62,63,64,LLG,False,ok
shbfp-n158sl173i,62,63,64,LLG,False,ok
shcp,62,63,64,EYG,False,ok
shcp-e63ly64h,62,63,64,LHG,False,ok
shcp-e63s,62,63,64,SYG,False,ok
shcp-q39s,62,63,64,EYG,False,ok
shcp-t194i,62,63,64,EYG,False,ok
shg24,64,65,66,GYG,False,ok
shyrfp,70,71,72,MYG,False,ok
sirius,65,66,67,QFG,False,ok
siriusgfp,65,66,67,TYG,False,ok
skylan-ns,61,62,63,LYG,False,ok
skylan-s,61,62,63,SYG,False,ok
slow-ft,70,71,72,MYG,False,ok
smurfp,-1,-1,25,--A,True,gap_at_chromophore
smurfp_25,-1,-1,24,--A,True,gap_at_chromophore
snifp,-1,-1,-1,---,True,gap_at_chromophore
sopp,-1,-1,-1,---,True,gap_at_chromophore
sopp2,-1,-1,-1,---,True,gap_at_chromophore
sopp3,-1,-1,-1,---,True,gap_at_chromophore
spgfp-11,-1,-1,-1,---,False,gap_at_chromophore
spgfp1-10,64,65,66,TYG,False,ok
spiscp,65,66,67,KYG,False,ok
spoon,65,66,67,GYG,False,ok
sreach1,65,66,67,GYG,False,ok
sreach2,65,66,67,GYG,False,ok
staygold,56,57,58,GYG,False,ok
staygold-e138d,56,57,58,GYG,False,ok
stayrose,56,57,58,GZG,False,ok
stylcp,61,62,63,QYG,False,ok
stylgfp,65,66,67,KYG,False,ok
sumire,65,66,67,GYG,False,ok
superecliptic-phluorin,64,65,66,TYG,False,ok
superfolder-bfp,64,65,66,THG,False,ok
superfolder-cfp,64,65,66,TWG,False,ok
superfolder-gfp,64,65,66,TYG,False,ok
superfolder-mturquoise2,65,66,67,SWG,False,ok
superfolder-mturquoise2-ox,65,66,67,SWG,False,ok
superfolder-phluorin,64,65,66,SYG,False,ok
superfolder-yfp,64,65,66,TYG,False,ok
supernova2,66,67,68,QYG,False,ok
supernova-green,64,65,66,QWG,False,ok
supernova-red,64,65,66,QYG,False,ok
super-tagrfp,66,67,68,MYG,False,ok
syfp2,65,66,67,GYG,False,ok
sympfp,61,62,63,DYG,False,ok
tagbfp,62,63,64,LYG,False,ok
tagcfp,64,65,66,AWG,False,ok
taggfp,64,65,66,CYG,False,ok
taggfp2,64,65,66,CYG,False,ok
tagrfp,62,63,64,MYG,False,ok
tagrfp657,62,63,64,MYG,False,ok
tagrfp658,62,63,64,MYG,False,ok
tagrfp675,62,63,64,MYG,False,ok
tagrfp-t,66,67,68,MYG,False,ok
tagyfp,65,66,67,TYG,False,ok
td5oxstaygold,65,66,67,GYG,False,ok
td5staygold,65,66,67,GYG,False,ok
td8oxstaygold,65,66,67,GYG,False,ok
tdimer212,66,67,68,QYG,False,ok
tdkatushka2,62,63,64,MYG,False,ok
tdlanyfp,304,305,306,GYG,False,ok
td-rfp611,62,63,64,MYG,False,ok
td-rfp639,62,63,64,MYG,False,ok
tdsmurfp,-1,-1,25,--A,True,gap_at_chromophore
tdtomato,66,67,68,MYG,False,ok
tdultramarine2,61,62,63,QYG,False,ok
teapc,-1,-1,24,--A,False,gap_at_chromophore
thermostable-green-protein,65,66,67,QYG,False,ok
tkeima,62,63,64,QYG,False,ok
topaz,64,65,66,GYG,False,ok
tpapaya001,70,71,72,KYG,False,ok
tripartitegfp,64,65,66,TYG,False,ok
trp-less-gfp,64,65,66,SYG,False,ok
t-sapphire,65,66,67,SYG,False,ok
tspurple,62,63,64,MYG,False,ok
turbofp602,66,67,68,MYG,False,ok
turbogfp,63,64,65,GYG,False,ok
turbogfp-v197l,56,57,58,GYG,False,ok
turborfp,62,63,64,MYG,False,ok
turboyfp,64,65,66,TYG,False,ok
turquoise-gl,65,66,67,SWG,False,ok
ultramarine,61,62,63,QYG,False,ok
unag,-1,-1,17,--G,True,gap_at_chromophore
usgfp,64,65,66,TYG,False,ok
v127t-saasoti,65,66,67,HYG,False,ok
var1,64,65,66,SYG,False,ok
venus,65,66,67,GYG,False,ok
vfp,61,62,63,QYG,False,ok
vsfgfp-0,64,65,66,TYG,False,ok
vsfgfp-9,64,65,66,TYG,False,ok
vsgfp,64,65,66,TYG,False,ok
w1c,64,65,66,AWG,False,ok
w2,64,65,66,SWG,False,ok
w7,64,65,66,SWG,False,ok
wascfp,65,66,67,TWG,False,ok
wi-phy,-1,-1,-1,---,True,gap_at_chromophore
wiphy2,-1,-1,-1,---,True,gap_at_chromophore
yegfp,65,66,67,GYG,False,ok
yfp3,64,65,66,GYG,False,ok
ygfpdp,54,55,56,GYG,False,ok
ygfpuv,54,55,56,GYG,False,ok
ypet,65,66,67,GYG,False,ok
yuzufp,65,66,67,TYG,False,ok
zfp538,65,66,67,KYG,False,ok
zgfp,65,66,67,TYG,False,ok
zoan2rfp,65,66,67,DYG,False,ok
zrfp,65,66,67,DYG,False,ok
zsgreen,65,66,67,NYG,False,ok
zsgreen1,65,66,67,MYG,False,ok
zsyellow1,65,66,67,KYG,False,ok
